,symbol,bid,bidSize,ask,askSize,regularMarketVolume
0,DNNGY,12.82,40000.0,12.85,40000.0,5802.0
1,KDLY,1.32,100.0,1.4,100.0,1410.0
2,XPEV,15.71,1800.0,15.72,1100.0,6399634.0
3,IHAK,50.88,900.0,50.93,1200.0,57113.0
4,SASKF,0.403,381200.0,0.4104,,9961.0
5,BWEB,61.18,1000.0,61.24,1000.0,128.0
6,SID,1.61,28000.0,1.62,38500.0,2544518.0
7,MSGS,219.34,800.0,219.98,800.0,10231.0
8,USDC,,,,,10200.0
9,CNDA,10.65,800.0,10.7,900.0,1.0
10,DUKQ,27.55,2200.0,27.56,3100.0,1232.0
11,FCOB,14.87,40000.0,14.95,40000.0,25.0
12,SCNX,7.62,200.0,,,2974.0
13,LPAA,10.03,9000.0,10.0,500.0,1902.0
14,MGLD,1.04,1100.0,1.08,3000.0,22943.0
15,LIFFF,1.86,40000.0,1.94,40000.0,200.0
16,EEMS,57.11,900.0,57.22,900.0,3132.0
17,WRSLF,0.2571,,0.3366,,7231.0
18,OUTKY,1.47,,1.61,,200.0
19,BFIT,,1000.0,,1100.0,1119.0
20,BPMC,113.79,100.0,114.01,100.0,540414.0
21,NAAS,1.55,100.0,1.99,200.0,139386.0
22,EURTJS,,,,,
23,VC,86.66,100.0,86.88,100.0,50275.0
24,FRRVY,,,,,
25,TSMY,18.43,1100.0,18.48,800.0,19967.0
26,SPFX,1.8,40000.0,1.9,40000.0,100.0
27,TMSL,34.23,800.0,34.24,2200.0,53844.0
28,JEMB,50.78,,51.39,,
29,SYRE,16.28,200.0,22.31,100.0,185355.0
30,FTEC,183.19,1000.0,183.29,1000.0,158738.0
31,CLNE,3.29,200.0,3.42,300.0,2892006.0
32,LIXTW,,,,,57.0
33,SMAY,25.39,1800.0,25.46,2200.0,750.0
34,PMAR,40.68,1200.0,40.74,1400.0,13588.0
35,SMXT,1.73,100.0,1.77,100.0,31639.0
36,DUKZ,25.3,2200.0,25.32,2200.0,1552.0
37,ARHS,12.41,200.0,12.55,200.0,393489.0
38,WBWB,,,,,100.0
39,ELAB,1.67,100.0,1.8,100.0,2341943.0
40,CIBR,67.3,500.0,67.65,1000.0,411130.0
41,AVGX,26.62,300.0,26.7,300.0,2108010.0
42,AMPY,5.47,800.0,5.48,900.0,103818.0
43,MRUS,30.29,200.0,41.7,200.0,318565.0
44,FRLA,11.15,,11.49,,100.0
45,CYDY,0.178,,0.1799,,2730666.0
46,DDM,105.16,1100.0,105.18,900.0,124081.0
47,SDHC,25.01,3000.0,25.38,900.0,27536.0
48,BLIN,,,,,59383.0
49,YQQQ,11.91,200.0,21.28,200.0,24906.0
50,PRKS,52.3,1000.0,52.36,1000.0,93971.0
51,OSTX,2.05,900.0,2.08,800.0,407374.0
52,TIOAW,,,,,
53,STG,6.51,1300.0,6.77,1400.0,1847.0
54,MCZAF,,,,,121000.0
55,DRMAW,,,,,7600.0
56,SMCX,31.3,100.0,31.46,100.0,440199.0
57,LAZ,55.1,800.0,55.19,800.0,1051258.0
58,DRH,8.86,2200.0,8.87,800.0,201495.0
59,BWLP,13.28,1100.0,13.3,1100.0,647023.0
60,MSFD,13.84,100.0,13.89,100.0,168958.0
61,BRKH,10.03,,14.43,40000.0,33431.0
62,NBDS,31.54,1000.0,31.6,1000.0,446.0
63,XSW,194.62,800.0,194.87,1300.0,64260.0
64,GAP,24.39,800.0,24.4,800.0,1188666.0
65,IBHC,,3100.0,,3200.0,29735.0
66,RBNK,19.25,40000.0,20.9,40000.0,500.0
67,SY,0.644,200.0,1.12,200.0,43374.0
68,MITSF,18.84,40700.0,21.5,40000.0,500.0
69,QHDG,26.97,200.0,27.04,500.0,1.0
70,COKE,1260.43,200.0,1477.23,200.0,12906.0
71,CHAT,41.37,3000.0,41.49,1000.0,43237.0
72,USDJPY,,,,,
73,FLXR,38.96,900.0,39.01,1000.0,47176.0
74,GMNY,50.02,1000.0,50.06,1100.0,225.0
75,COYA,,,,,20175.0
76,PERI,8.75,100.0,8.93,100.0,72693.0
77,TTEQ,26.88,100.0,26.76,100.0,4406.0
78,COPP,20.22,100.0,20.67,100.0,2397.0
79,NM,,,,,
80,XXCH,22.34,1200.0,22.39,800.0,7309.0
81,PJFG,97.69,800.0,97.83,1100.0,589.0
82,ATYG,0.0001,,0.0002,,1085000.0
83,IWD,194.52,900.0,194.54,800.0,1157165.0
84,PEPLU,,,,,
85,SPYU,50.61,3000.0,50.64,3100.0,454339.0
86,PHB,18.23,4000.0,18.24,2900.0,339038.0
87,AUTL,2.16,100.0,2.2,100.0,438986.0
88,PC,0.5946,100.0,0.6304,300.0,22104.0
89,PC,0.5946,100.0,0.6304,300.0,22104.0
90,ASTL,8.62,100.0,8.68,100.0,90044.0
91,MAYZ,30.66,1000.0,30.8,1800.0,67.0
92,KRRO,32.89,100.0,34.41,100.0,28684.0
93,XBJA,29.23,4000.0,29.31,4000.0,2659.0
94,BNZI,2.11,100.0,2.28,100.0,38257397.0
95,SGDTHB,,,,,
96,BMDL,26.02,100.0,24.79,100.0,2.0
97,GHY,12.88,1800.0,12.9,800.0,102627.0
98,DKKRUB,,,,,
99,SGDTRY,,,,,
100,CART,49.35,100.0,49.41,100.0,1460810.0
101,AUCTIONUSD,,,,,
102,QRDOUSD,,,,,
103,EDVR,12.8,300400.0,13.2,40000.0,141.0
104,RAIUSD,,,,,
105,RENUSD,,,,,
106,CBFV,,,,,3879.0
107,LMPMY,2.58,40000.0,3.31,40000.0,200.0
108,SECR,25.75,800.0,25.83,,50.0
109,FBYD,,,,,31385.0
110,ILOW,35.85,1000.0,35.9,1000.0,10546.0
111,EMOR,0.051,,0.052,,9681.0
112,REQUSD,,,,,
113,BATUSD,,,,,
114,REPUSD,,,,,
115,IBIK,24.98,1200.0,25.0,1100.0,4029.0
116,MGM,34.46,800.0,34.48,800.0,2097950.0
117,EMRH,0.0001,,0.0389,,500.0
118,PODC,2.13,100.0,,,67001.0
119,LDRT,25.02,2900.0,25.05,,998.0
120,GATE,,,,,1.0
121,IGCB,45.19,800.0,45.24,900.0,724.0
122,AAPX,28.67,1000.0,28.69,800.0,31317.0
123,ETH,30.8,1000.0,30.81,1300.0,550342.0
124,ACHR,9.03,1400.0,9.04,800.0,9037170.0
125,SKLUSD,,,,,
126,ICXUSD,,,,,
127,INJUSD,,,,,
128,APRE,,,,,30281.0
129,CPXR,19.77,800.0,19.81,800.0,101.0
130,CRDT,25.37,900.0,25.38,800.0,6671.0
131,FSHPU,10.18,900.0,10.14,100.0,
132,JASMYUSD,,,,,
133,VIA,,,,,
134,RARIUSD,,,,,
135,OXTUSD,,,,,
136,IROHU,,,,,14.0
137,MANAUSD,,,,,
138,SHIBUSD,,,,,
139,DAIUSD,,,,,
140,KLTOW,,,,,614.0
141,WAI,0.3852,100.0,0.395,100.0,13166.0
142,ACOG,6.07,100.0,6.5,100.0,27368.0
143,ENV,,,,,
144,DUSKUSD,,,,,
145,FER,43.69,100.0,43.86,100.0,24574.0
146,OAKU,,,,,139.0
147,ENJUSD,,,,,
148,EQTXF,0.0015,,,,26062.0
149,FFLG,25.86,1100.0,25.89,800.0,11247.0
150,FISUSD,,,,,
151,FORTHUSD,,,,,
152,EFIV,57.54,1000.0,57.55,1300.0,34628.0
153,NBFC,50.91,800.0,50.95,1000.0,1.0
154,UMAY,34.05,1100.0,34.11,1200.0,704.0
155,IVVM,31.23,800.0,31.28,800.0,5389.0
156,TDS,35.75,800.0,35.82,800.0,261085.0
157,SIXF,28.77,1300.0,28.84,3100.0,296.0
158,NMRK,14.13,100.0,14.2,100.0,160990.0
159,ITDJ,25.21,800.0,25.23,800.0,172.0
160,FARMUSD,,,,,
161,GALAUSD,,,,,
162,GUSDUSD,,,,,
163,NEWH,0.0044,,0.0049,,20000.0
164,EQNR,23.92,1200.0,23.93,1100.0,1254197.0
165,XYZ,93.18,900.0,93.27,800.0,2893344.0
166,PBM,1.2,200.0,1.62,100.0,122067.0
167,GSRTU,10.0,800.0,10.02,100.0,1.0
168,SILA,24.41,800.0,24.46,1400.0,103362.0
169,SENR,0.03,,0.04,,30000.0
170,HF,20.53,800.0,20.56,1400.0,400.0
171,EQS,1.31,1100.0,,4000.0,66.0
172,FGD,22.96,1000.0,22.97,1800.0,40994.0
173,TECX,41.91,100.0,55.59,200.0,4220558.0
174,SLNZ,47.51,1300.0,47.65,900.0,1336.0
175,BDMD,7.0,100.0,7.46,100.0,103828.0
176,GRO,4.44,1000.0,4.55,1800.0,86497.0
177,HVRRY,44.94,40000.0,45.26,40000.0,244.0
178,FVNNR,0.1,1000.0,,,35.0
179,LDRC,25.0,800.0,25.04,,2101.0
180,DEXC,48.91,1000.0,48.98,1000.0,3412.0
181,PRIMEUSD,,,,,
182,TELO,,,,,24338.0
183,TELO,,,,,24338.0
184,NXTT,1.32,100.0,1.55,100.0,27839.0
185,FMAR,43.99,1200.0,44.09,1400.0,5723.0
186,MULL,11.32,200.0,19.34,200.0,62049.0
187,CRWL,31.55,100.0,31.93,100.0,81796.0
188,RFAC,3.5,100.0,,,2211.0
189,BDCZ,19.76,1000.0,19.79,1100.0,345.0
190,GIAX,18.91,900.0,18.95,1000.0,42609.0
191,ERDCF,0.414,,0.423,,39304.0
192,BETR,,,,,2859.0
193,PSQH,3.87,800.0,3.89,1000.0,449783.0
194,CNI,106.13,1000.0,106.17,1300.0,512880.0
195,CGEM,8.49,200.0,14.14,200.0,287972.0
196,AS,33.14,1400.0,33.2,1100.0,1036573.0
197,FIXP,20.07,1000.0,20.11,1800.0,50069.0
198,IJAN,31.45,900.0,31.52,1200.0,17920.0
199,FMCE,25.34,1000.0,25.44,900.0,28650.0
200,SEKJPY,,,,,
201,WEBS,28.37,1400.0,28.38,1100.0,36133.0
202,QNXT,25.48,2400.0,25.52,3600.0,450.0
203,IVVW,50.25,1200.0,50.35,800.0,5103.0
204,CLOX,25.59,800.0,25.65,900.0,341.0
205,FJUL,49.89,3100.0,49.96,1200.0,8068.0
206,GNOV,35.47,1100.0,35.56,800.0,5219.0
207,ULTY,8.68,1800.0,8.69,21500.0,619159.0
208,IBTO,23.82,100.0,23.84,12800.0,16630.0
209,XBOC,30.71,1100.0,30.8,900.0,5156.0
210,NFYS,,,,,
211,DKKMYR,,,,,
212,ACEL,11.39,800.0,11.4,800.0,59312.0
213,VEEAW,,,0.17,100.0,44.0
214,NEUP,5.17,100.0,5.4,100.0,89342.0
215,RAMP,34.56,800.0,34.59,800.0,112934.0
216,TNP,,,,,
217,MGAGBP,,,,,
218,DKKBGN,,,,,
219,QPX,36.77,3000.0,36.86,800.0,312.0
220,NIWM,,1400.0,,1000.0,961.0
221,MBSF,25.48,800.0,25.54,1800.0,1275.0
222,XTJL,34.29,900.0,34.4,3200.0,410.0
223,AVDS,53.49,800.0,53.59,1400.0,454.0
224,LOGC,5.46,200.0,7.57,100.0,55246.0
225,LIXT,,,,,3674.0
226,BTC,46.59,1000.0,46.61,900.0,398904.0
227,EURMUR,,,,,
228,SPC,14.94,200.0,26.63,200.0,1824.0
229,BIIB,138.97,100.0,153.38,100.0,320730.0
230,VNDCAD,,,,,
231,DYN,13.84,100.0,14.01,100.0,379162.0
232,XAUKRW,,,,,
233,EXG,8.46,1400.0,8.47,800.0,417727.0
234,WGSWW,,,,,5784.0
235,SNRE,49.35,100.0,49.46,100.0,129511.0
236,XAURUB,,,,,
237,SZLCHF,,,,,
238,LBO,34.83,1300.0,34.89,1000.0,13894.0
239,MMKUSD,,,,,
240,GLTR,117.68,1100.0,117.9,1000.0,8545.0
241,HYAC,10.81,900.0,10.83,2200.0,9731.0
242,EMCS,27.24,800.0,27.31,1100.0,300.0
243,FTGS,32.78,900.0,32.85,500.0,104762.0
244,PMVP,1.43,100.0,1.44,100.0,29588.0
245,UZSUSD,,,,,
246,XPAY,57.71,1000.0,57.82,1000.0,3349.0
247,SMHX,28.59,100.0,28.68,1300.0,15080.0
248,FFEB,50.57,2900.0,50.66,3000.0,2221.0
249,EA,117.98,600.0,118.24,600.0,1614535.0
250,EGHT,3.0,100.0,3.01,200.0,283092.0
251,AMDGBP,,,,,
252,FJDGBP,,,,,
253,COPUSD,,,,,
254,URAX,13.67,1100.0,13.76,900.0,6546.0
255,NITE,31.43,1200.0,31.47,1200.0,1735.0
256,KCAI,27.38,900.0,27.46,800.0,1.0
257,NOEM,,,,,1309.0
258,LLAP,,,,,
259,FAMI,,,,,168268.0
260,EAC,,,,,
261,CGUI,25.21,1800.0,25.23,800.0,2678.0
262,SUPP,65.02,3000.0,65.1,1000.0,288.0
263,EAFG,19.87,900.0,19.92,900.0,302.0
264,NSANY,5.38,40000.0,5.43,40000.0,2297.0
265,ESCR,9.19,900.0,,900.0,301.0
266,BOBUSD,,,,,
267,DKKCNY,,,,,
268,XAUARS,,,,,
269,BMDKYD,,,,,
270,TWDGBP,,,,,
271,QQQT,13.47,200.0,24.11,200.0,8005.0
272,JULT,40.24,1400.0,40.3,1300.0,9452.0
273,TTDUSD,,,,,
274,APRD,24.79,4000.0,24.88,3100.0,397.0
275,FESM,33.81,1000.0,33.92,1800.0,96372.0
276,OBND,25.88,800.0,25.9,800.0,968.0
277,USSH,36.23,200.0,64.43,200.0,248.0
278,SCAP,36.08,1000.0,36.14,1000.0,252.0
279,MKOR,22.17,1300.0,22.24,800.0,166.0
280,BBBI,50.45,800.0,50.46,1000.0,277.0
281,JPYTWD,,,,,
282,MCRO,,1800.0,38.69,1800.0,40.0
283,RIV,11.95,900.0,12.06,2200.0,26120.0
284,CGTL,5.12,100.0,5.27,100.0,13195.0
285,AGD,10.11,800.0,10.16,900.0,42615.0
286,BOBGBP,,,,,
287,BGNCAD,,,,,
288,TZSZAR,,,,,
289,ILSAED,,,,,
290,TSMG,15.48,500.0,15.7,500.0,5752.0
291,EBR,6.22,3100.0,6.23,2900.0,545441.0
292,QTOP,26.42,2300.0,26.47,3700.0,282383.0
293,PRSU,41.65,800.0,41.72,800.0,56047.0
294,HDL,23.94,100.0,29.0,100.0,4149.0
295,HDL,23.94,100.0,29.0,100.0,4149.0
296,FRXB,,,,,
297,BAMY,26.77,1000.0,26.8,1000.0,13032.0
298,TGH,,,,,
299,BBBS,50.76,1100.0,50.79,1000.0,12109.0
300,AETH,32.76,800.0,32.8,800.0,774.0
301,SEKEUR,,,,,
302,EURILS,,,,,
303,GBPCZK,,,,,
304,GBPEUR,,,,,
305,EURKRW,,,,,
306,RWTN,25.11,800.0,25.19,1100.0,3485.0
307,GRW,34.46,1300.0,34.47,2900.0,1179.0
308,MFAN,25.43,1100.0,25.45,800.0,8809.0
309,EIPI,20.05,1200.0,20.1,1000.0,57975.0
310,WLACW,0.18,1000.0,0.28,300.0,1997.0
311,PONY,13.3,100.0,13.44,100.0,120387.0
312,COMPUSD,,,,,
313,TBN,24.42,1000.0,25.4,1100.0,5299.0
314,QFLR,29.32,800.0,29.4,1100.0,15537.0
315,APRH,24.74,1200.0,24.83,3100.0,258.0
316,WEL,,1100.0,,1000.0,1201.0
317,CNDUSD,,,,,
318,SEDA,,,,,
319,BNKD,,1100.0,,1100.0,81800.0
320,YIBO,3.24,100.0,3.3,400.0,909216.0
321,DWCR,28.87,1000.0,29.4,1000.0,1.0
322,PENG,14.04,200.0,24.96,200.0,262713.0
323,DGBUSD,,,,,
324,ELTLF,0.025,,0.0795,,10000.0
325,CHFSZL,,,,,
326,BRLEUR,,,,,
327,AUDPLN,,,,,
328,XRTUSD,,,,,
329,EURARS,,,,,
330,TWDINR,,,,,
331,CHFHUF,,,,,
332,VNDJPY,,,,,
333,DKKSGD,,,,,
334,NZDTWD,,,,,
335,MITN,25.46,800.0,25.5,4000.0,1088.0
336,GENM,10.11,900.0,10.14,1100.0,3.0
337,WAR,20.28,1000.0,20.31,1000.0,721.0
338,COPZAR,,,,,
339,USDCHF,,,,,
340,USDTRY,,,,,
341,CPSN,25.49,2200.0,25.55,1400.0,203.0
342,MOTE,29.01,1100.0,29.06,900.0,102.0
343,XMAR,36.52,800.0,36.58,1200.0,997.0
344,BOXL,0.848,100.0,0.8892,100.0,68417.0
345,JULJ,25.03,1000.0,25.07,1200.0,262.0
346,BBLB,83.58,800.0,83.62,800.0,167.0
347,TUSI,25.31,1100.0,25.32,1300.0,19414.0
348,CELUSD,,,,,
349,KRBN,30.76,1000.0,30.85,800.0,17124.0
350,SMPNY,13.96,40000.0,14.0,40000.0,5086.0
351,ZARUSD,,,,,
352,ELUT,,,,,6714.0
353,RUSHB,57.63,100.0,59.31,100.0,4021.0
354,IMCB,79.73,1200.0,79.81,900.0,10652.0
355,TWDKRW,,,,,
356,TAXX,50.58,900.0,50.62,800.0,1113.0
357,SLRC,16.8,200.0,16.82,100.0,52675.0
358,FTRB,24.68,1000.0,24.8,900.0,27048.0
359,CGGE,26.67,900.0,26.68,1000.0,404121.0
360,AFAR,,,,,
361,AUDPHP,,,,,
362,MOONUSD,,,,,
363,NBET,33.46,900.0,33.49,900.0,758.0
364,MOBUSD,,,,,
365,NODLUSD,,,,,
366,NUUSD,,,,,
367,MCTR,4.51,100.0,5.98,100.0,369790.0
368,NXTUSD,,,,,
369,BMA,102.53,3200.0,102.99,800.0,177028.0
370,FSEP,46.52,2900.0,46.61,900.0,1991.0
371,UFEB,33.45,3100.0,33.52,2200.0,3490.0
372,QSPT,28.04,1200.0,28.1,900.0,2850.0
373,NYMUSD,,,,,
374,SUBUSD,,,,,
375,SUPERUSD,,,,,
376,TRXUSD,,,,,
377,AGGS,40.78,,40.82,800.0,102.0
378,ALEC,1.7,100.0,1.71,100.0,194952.0
379,BOSONUSD,,,,,
380,USEP,35.7,1400.0,35.76,1100.0,2647.0
381,ACXP,,,,,75182.0
382,INFO,21.14,1000.0,21.18,1000.0,378.0
383,LRCUSD,,,,,
384,CBSTF,0.059,308300.0,0.063,312500.0,10810.0
385,INFO,21.14,1000.0,21.18,1000.0,378.0
386,SNTUSD,,,,,
387,TESI,0.21,,1.1,,6522.0
388,RNDRUSD,,,,,
389,CVIIW,,,,,
390,MASKUSD,,,,,
391,MKRUSD,,,,,
392,NUMI,25.07,,25.1,,95008.0
393,ALDFU,9.99,100.0,10.01,200.0,1.0
394,CCEF,28.54,800.0,28.61,1000.0,2945.0
395,QXQ,24.44,1000.0,25.42,2300.0,10076.0
396,BIOR,0.22,,0.258,317700.0,169446.0
397,BTSG,17.48,200.0,24.31,100.0,471932.0
398,BTSG,17.48,200.0,24.31,100.0,471932.0
399,ZCSH,4.1,40000.0,4.35,40000.0,2250.0
400,DSGX,117.25,100.0,117.61,100.0,74943.0
401,MODN,,,,,
402,TSEC,26.03,1100.0,26.06,800.0,371.0
403,HCDIZ,,,,,195185.0
404,ARGO,,,,,
405,CSSE,,,,,22111163.0
406,GEMD,40.59,2200.0,40.6,1000.0,2458.0
407,CADBRL,,,,,
408,BRLAUD,,,,,
409,CHFCAD,,,,,
410,PSF,20.21,1100.0,20.31,900.0,19999.0
411,NOTE,1.25,2900.0,1.27,3000.0,1740483.0
412,NETC,,,,,
413,BPRN,,,,,1550.0
414,GRBK,61.97,800.0,62.1,1000.0,54113.0
415,INDV,12.16,100.0,12.19,100.0,91342.0
416,ILSSEK,,,,,
417,HFSP,,,,,1310.0
418,EURRUB,,,,,
419,TRYDKK,,,,,
420,MLFB,,,,,2500.0
421,COWS,21.66,200.0,39.05,200.0,2222.0
422,MXNBRL,,,,,
423,ILSJOD,,,,,
424,ILSNOK,,,,,
425,EURSAR,,,,,
426,TVAL,32.6,1200.0,32.62,1200.0,5787.0
427,GMOI,24.98,1200.0,25.03,800.0,420.0
428,MADAUD,,,,,
429,THAR,,,,,8658.0
430,CCG,0.8801,100.0,0.9,100.0,136128.0
431,BFRG,2.57,100.0,2.7,100.0,519773.0
432,USDCNY,,,,,
433,HKDTWD,,,,,
434,THBCNY,,,,,
435,INREUR,,,,,
436,PLNJPY,,,,,
437,THBGBP,,,,,
438,HKDDKK,,,,,
439,THBCAD,,,,,
440,HKDCHF,,,,,
441,GMOV,25.7,1100.0,25.71,1800.0,10949.0
442,CAPNU,9.97,100.0,10.02,2000.0,600.0
443,PTIX,,,,,293930.0
444,EDSA,,,,,9898.0
445,XDQQ,35.43,1100.0,35.52,800.0,783.0
446,SWEB,,800.0,,800.0,1146.0
447,GMAY,37.47,1800.0,37.55,900.0,1548.0
448,AVXL,7.15,200.0,11.96,200.0,381158.0
449,NZDDKK,,,,,
450,AUDCZK,,,,,
451,USGO,6.52,200.0,11.75,200.0,6149.0
452,GMM,2.7,200.0,4.65,200.0,46073.0
453,LSH,2.13,100.0,2.13,100.0,80326.0
454,ZARTWD,,,,,
455,CLDI,0.615,1000.0,0.6152,2900.0,701224.0
456,VR,,800.0,,1100.0,1118.0
457,USDGBP,,,,,
458,NOKSEK,,,,,
459,BMAC,,,,,
460,AUDDKK,,,,,
461,CLPUSD,,,,,
462,AUDTWD,,,,,
463,AUDHUF,,,,,
464,AUDBRL,,,,,
465,AIFD,29.89,3200.0,29.9,1400.0,3012.0
466,MFAO,25.52,800.0,25.55,1100.0,2324.0
467,IBDZ,25.51,1300.0,25.56,800.0,21111.0
468,LUNR,22.33,600.0,22.46,600.0,9026896.0
469,DYCQ,10.37,4000.0,10.34,100.0,70593.0
470,TFJL,20.07,800.0,20.12,800.0,2938.0
471,DXYZ,55.28,2200.0,56.17,900.0,386533.0
472,GFEB,37.78,1400.0,37.86,1300.0,4730.0
473,TNMLF,,,,,
474,APGB,,,,,
475,HHLA,,,,,
476,FLJJ,29.12,3100.0,29.21,3100.0,100.0
477,TRYSGD,,,,,
478,BKDV,26.05,1200.0,26.07,1800.0,1353.0
479,KRWTHB,,,,,
480,THBTWD,,,,,
481,CSTA,,,,,
482,THBJPY,,,,,
483,SGDHKD,,,,,
484,JPYSEK,,,,,
485,THBINR,,,,,
486,BMDEUR,,,,,
487,DKKZAR,,,,,
488,APTV,63.83,800.0,63.87,800.0,755146.0
489,CRSH,5.98,900.0,6.03,2200.0,127704.0
490,ELMD,35.1,900.0,35.37,1100.0,22062.0
491,TOGA,32.04,900.0,32.07,1200.0,2753.0
492,FGN,26.45,800.0,26.62,3100.0,9199.0
493,XTEN,45.21,4000.0,45.25,4000.0,24899.0
494,IFEB,26.43,900.0,26.49,800.0,1137.0
495,BLURUSD,,,,,
496,HUFDKK,,,,,
497,FUFU,5.26,100.0,5.32,100.0,101531.0
498,IVVB,31.09,1000.0,31.16,800.0,1057.0
499,AGIX,29.82,1200.0,29.95,1200.0,2652.0
500,ACLO,50.39,900.0,50.45,1200.0,4.0
501,ESLT,214.95,200.0,383.23,200.0,12747.0
502,CUBWU,10.04,1000.0,10.08,1000.0,1.0
503,EQR,69.99,800.0,70.02,800.0,279549.0
504,BELT,31.49,1100.0,31.55,1100.0,178.0
505,XTOC,30.02,2200.0,30.11,900.0,30.0
506,FOXX,8.7,100.0,8.82,1000.0,21076511.0
507,BRHY,51.15,1000.0,51.23,100.0,71.0
508,ET,20.87,1200.0,20.88,2200.0,6647211.0
509,SFHG,0.6222,200.0,1.06,200.0,181263.0
510,IONQ,38.79,1000.0,38.82,1100.0,8828224.0
511,JIII,50.62,,50.64,,603.0
512,MNR,17.51,1200.0,17.57,900.0,63899.0
513,ESMC,0.155,,0.16,,39000.0
514,SEI,27.84,800.0,27.93,1200.0,839347.0
515,SDST,1.09,100.0,1.12,100.0,166285.0
516,BUSA,33.33,800.0,33.4,2900.0,22598.0
517,HYBX,30.71,800.0,30.82,1100.0,300.0
518,TEM,54.0,100.0,59.0,200.0,13083915.0
519,TEM,54.0,100.0,59.0,200.0,13083915.0
520,THBAUD,,,,,
521,VCTR,66.11,100.0,66.32,100.0,58782.0
522,BILI,17.53,100.0,17.6,100.0,2460281.0
523,CPSJ,25.24,1200.0,25.3,1300.0,182.0
524,RNUGF,0.0011,,0.1,,500.0
525,EURN,,,,,
526,PTLE,2.21,100.0,2.61,100.0,213042.0
527,SLSR,3.34,1000.0,3.35,1200.0,26043.0
528,IQDUSD,,,,,
529,BAFE,26.36,1500.0,26.4,1500.0,40068.0
530,INTS,,,,,9763.0
531,QYLE,,,,,259.0
532,WRD,14.26,100.0,14.9,100.0,44901.0
533,SFM,156.13,100.0,156.59,100.0,442254.0
534,UJB,74.25,800.0,74.39,800.0,237.0
535,DRCT,1.2,100.0,1.25,100.0,259144.0
536,ATMCR,,,,,1738.0
537,PNTG,27.2,100.0,27.43,100.0,62221.0
538,EMOT,22.0,900.0,22.02,900.0,298.0
539,CNC,64.13,1100.0,64.16,1000.0,1062167.0
540,AAL,16.87,100.0,16.97,200.0,24940045.0
541,AIO,24.6,800.0,24.67,1200.0,93012.0
542,AITR,,,,,1.0
543,PL,5.81,1300.0,5.82,1300.0,9505549.0
544,BHRB,45.36,200.0,81.85,200.0,10877.0
545,GGB,2.99,46000.0,3.0,43500.0,5410442.0
546,PLNUSD,,,,,
547,EDEN,107.52,1200.0,107.75,1300.0,4090.0
548,ZIM,17.65,3200.0,17.67,1000.0,1416667.0
549,BBEM,52.31,1100.0,52.34,1000.0,1.0
550,AVTR,21.96,2200.0,21.96,1100.0,1755708.0
551,VRCA,0.5038,200.0,0.6995,100.0,72364.0
552,BTFX,60.31,300.0,60.54,300.0,4124.0
553,GRDN,22.0,800.0,22.12,800.0,13863.0
554,PAMC,48.67,1000.0,48.79,1300.0,12692.0
555,FND,104.35,900.0,104.6,800.0,519293.0
556,CGCV,27.71,1200.0,27.71,1300.0,228112.0
557,PSPW,,,,,19300.0
558,FLCO,21.23,800.0,21.24,900.0,15308.0
559,ABCL,3.28,100.0,3.29,100.0,1053533.0
560,EWL,49.95,900.0,49.97,1200.0,72582.0
561,BSAC,20.3,800.0,20.33,1100.0,87565.0
562,BGT,12.65,800.0,12.67,800.0,48576.0
563,LFST,8.17,100.0,8.18,100.0,219358.0
564,HSY,150.32,900.0,150.5,1200.0,546271.0
565,ACHL,1.06,100.0,1.18,100.0,34985.0
566,AAPL,238.35,600.0,238.48,300.0,19530844.0
567,BLK,1067.11,800.0,1069.64,800.0,181535.0
568,MI,2.78,1000.0,2.96,900.0,5667.0
569,VMAX,50.93,1000.0,51.0,2200.0,9.0
570,WLACU,9.98,100.0,10.0,100.0,237.0
571,SVCO,8.47,100.0,8.53,100.0,58627.0
572,SVCO,8.45,100.0,11.0,200.0,58627.0
573,ACHC,45.35,300.0,45.6,300.0,226904.0
574,AFYA,16.45,100.0,16.6,100.0,29525.0
575,REAI,14.89,200.0,26.96,200.0,12.0
576,LOAN,,,,,1275.0
577,TSLA,405.7,200.0,410.0,200.0,65410126.0
578,ASPN,11.84,1200.0,11.86,800.0,388704.0
579,ARCB,94.57,100.0,94.79,100.0,98995.0
580,NHYM,25.09,,25.11,,50002.0
581,SRAD,21.21,100.0,21.39,100.0,136763.0
582,HCWC,1.02,3000.0,1.04,800.0,45749.0
583,STAI,1.44,100.0,1.46,100.0,20835136.0
584,PIII,,,,,555278.0
585,SNDR,29.5,800.0,29.56,800.0,428380.0
586,NTWOU,9.95,25000.0,10.01,100.0,2220.0
587,ASPI,5.71,100.0,5.78,200.0,1108646.0
588,MEDS,,,,,
589,FAGI,0.0113,,0.014,,14034.0
590,TFSL,12.84,100.0,12.86,100.0,47491.0
591,FANUY,14.97,40000.0,14.99,381200.0,16455.0
592,DVY,135.49,200.0,135.69,200.0,166310.0
593,ACHV,3.26,100.0,4.19,200.0,80360.0
594,ALCYW,,,,,39.0
595,AM,15.92,1800.0,15.93,800.0,627769.0
596,WCC,187.6,2900.0,187.96,1000.0,125100.0
597,USDINR,,,,,
598,HG,19.59,1000.0,19.61,800.0,67244.0
599,ABG,304.4,800.0,305.86,800.0,505687.0
600,AB,39.89,800.0,39.98,800.0,104508.0
601,AGAE,,,,,74995.0
602,TKLF,,,,,3037.0
603,ATHA,0.3708,200.0,0.6929,200.0,61534.0
604,BCAX,11.98,100.0,12.41,100.0,247611.0
605,SAIHW,,,,,252.0
606,BAYA,,,,,11325.0
607,COPY,10.5,2200.0,10.53,1300.0,30148.0
608,AHR,28.69,1000.0,28.74,800.0,467675.0
609,NIXXW,,,,,1.0
610,PYTHUSD,,,,,
611,ABOS,1.56,100.0,1.57,100.0,78111.0
612,AMD,117.97,100.0,119.92,100.0,16290155.0
613,CPRY,25.0,800.0,25.09,900.0,388.0
614,TBBB,31.34,1300.0,31.41,900.0,76494.0
615,BURCA,13.99,40000.0,14.15,40000.0,100.0
616,ACIC,12.58,100.0,12.66,100.0,25936.0
617,AEP,93.16,100.0,103.97,100.0,1858841.0
618,KNSL,440.99,800.0,442.56,800.0,29430.0
619,AVAV,171.68,100.0,173.07,100.0,78189.0
620,ATOM,8.13,100.0,8.21,100.0,519297.0
621,CGO,,,,,18687.0
622,AHCO,7.71,200.0,13.69,200.0,156448.0
623,ALEX,17.83,800.0,17.85,800.0,132883.0
624,HQY,109.0,100.0,109.24,100.0,142798.0
625,ANIP,60.23,100.0,60.69,100.0,21585.0
626,CRDO,47.29,200.0,64.1,100.0,3423544.0
627,BCYC,9.65,200.0,16.55,200.0,77518.0
628,ROIC,17.46,500.0,17.52,500.0,303698.0
629,IROHW,,,,,136958.0
630,ORR,27.1,100.0,27.2,100.0,14284.0
631,PLMKU,9.96,100.0,10.1,100.0,541715.0
632,PQOC,25.07,1100.0,,,1.0
633,OXLCI,18.44,200.0,32.92,200.0,7619.0
634,ZIMV,10.5,200.0,18.45,200.0,39694.0
635,ENCC,,,,,1050000.0
636,STGZ,0.0455,,0.054,,87000.0
637,PLMR,77.98,200.0,137.33,200.0,31863.0
638,ARTV,5.24,100.0,5.47,100.0,28087.0
639,VENU,9.65,800.0,10.02,1200.0,3780.0
640,HDSN,5.73,100.0,5.79,100.0,90154.0
641,ATO,142.61,1100.0,142.7,800.0,173899.0
642,AXGN,18.43,100.0,23.43,200.0,79978.0
643,MIMI,5.5,100.0,5.84,100.0,77452.0
644,AXSM,77.4,200.0,135.68,200.0,214701.0
645,BAER,2.66,300.0,2.78,300.0,246329.0
646,BAP,186.8,800.0,187.59,800.0,109905.0
647,BRIA,3.45,900.0,3.55,1100.0,5329.0
648,NHPBP,,,,,11339.0
649,NRK,10.53,800.0,10.54,800.0,161873.0
650,IBG,1.03,1000.0,0.98,100.0,46693.0
651,QBIEY,13.02,34100.0,13.14,40000.0,1.0
652,CBRG,,,,,
653,ENFY,1.25,800.0,1.32,800.0,14230.0
654,ASX,10.02,1800.0,10.03,1100.0,4730097.0
655,BEDU,1.75,1200.0,1.8,1100.0,2297.0
656,BEAGU,10.1,200.0,10.06,200.0,40469.0
657,RIBBU,10.02,18500.0,10.09,100.0,800.0
658,UCB,33.19,800.0,33.22,900.0,565279.0
659,VCICW,0.05,100.0,0.1,100.0,2429.0
660,FEPI,44.99,200.0,48.92,100.0,210006.0
661,ATAI,1.49,100.0,1.57,100.0,540788.0
662,FV,62.47,5000.0,62.58,1000.0,69523.0
663,BDL,24.78,1000.0,25.5,1000.0,1918.0
664,MTVA,1.84,100.0,1.93,100.0,3439.0
665,EMHI,,,,,
666,ATI,58.34,1000.0,58.41,900.0,903274.0
667,TEO,12.78,800.0,12.87,900.0,140038.0
668,BA,177.55,1200.0,177.57,900.0,3176780.0
669,UFG,4.52,100.0,4.93,100.0,54712.0
670,MASK,2.7,2100.0,2.7,100.0,29470.0
671,ILLR,1.39,200.0,2.38,200.0,178760.0
672,NYMTG,,,,,7839.0
673,WIA,8.11,1800.0,8.13,800.0,7005.0
674,BDJ,8.76,1300.0,8.77,1200.0,216876.0
675,LFGY,49.9,1000.0,50.03,900.0,44592.0
676,FIDI,20.51,800.0,20.52,800.0,20074.0
677,AMOD,3.31,100.0,3.9,100.0,113587797.0
678,SBC,5.56,100.0,5.11,100.0,6244.0
679,FVNNU,10.02,100.0,10.08,100.0,31.0
680,FEIOF,13.19,42300.0,18.19,,21.0
681,BIFUSD,,,,,
682,HSPTU,10.0,5000.0,10.03,100.0,900.0
683,RXEEY,26.48,40000.0,26.82,40000.0,300.0
684,BAOS,,,,,23485.0
685,TGGLF,0.0372,,0.04,,7000.0
686,DNRSF,0.3975,,0.5599,,2000.0
687,SPHAU,10.1,1100.0,10.03,300.0,815.0
688,CTOR,1.22,100.0,1.25,100.0,13298.0
689,TOPP,1.86,800.0,1.93,900.0,387661.0
690,MX,3.99,1100.0,4.01,1000.0,32991.0
691,FDMIF,3.69,40000.0,3.72,40000.0,100.0
692,QUEXF,0.5201,300400.0,0.541,,20.0
693,GINX,,,,,5945.0
694,AMQFF,0.197,,0.21,,4500.0
695,EXEEL,87.47,100.0,88.02,100.0,28012.0
696,AVNT,43.71,800.0,43.77,800.0,353301.0
697,CVIIU,,,,,
698,NITO,1.23,2200.0,1.28,2200.0,789182.0
699,PQAP,25.33,1100.0,25.42,1100.0,1.0
700,TFC,48.11,1400.0,48.11,800.0,2516054.0
701,PFMT,,,,,155789.0
702,ACTU,10.46,100.0,9.35,100.0,7515.0
703,ACTU,10.46,100.0,9.35,100.0,7515.0
704,BB,4.44,40700.0,4.45,46000.0,14447398.0
705,JOAN,,,,,
706,PCLA,4.63,100.0,5.01,100.0,85457.0
707,ONEG,2.1,100.0,2.88,100.0,8392.0
708,SOUN,13.93,600.0,14.04,600.0,16838068.0
709,SUGBY,70.35,,69.34,,27.0
710,VERB,,,,,26301.0
711,CEPO,10.05,200.0,10.08,1200.0,4978.0
712,SHOT,0.4616,100.0,0.4856,100.0,199258.0
713,ONIT,35.97,800.0,36.12,800.0,7924.0
714,KBSX,7.95,100.0,7.25,100.0,14281.0
715,DMAR,38.77,1200.0,38.83,900.0,853.0
716,LNT,59.22,100.0,59.22,200.0,397491.0
717,PLRZ,1.31,100.0,1.34,100.0,855606.0
718,BZAI,5.84,100.0,6.5,200.0,230076.0
719,PKPYY,7.4,40000.0,8.4,40000.0,100.0
720,NOEMR,,,,,35.0
721,FACTU,9.93,200.0,9.98,100.0,64962.0
722,MRCC,,,,,11749.0
723,AVNI,0.26,,0.4,,499.0
724,RAIN,,,,,27745.0
725,GSRFF,0.024,,0.0275,,5800.0
726,IPA,,,,,760041.0
727,BAYA,,,,,11325.0
728,DCOMG,27.05,200.0,27.5,200.0,8076.0
729,HUHU,4.73,100.0,4.54,100.0,18947.0
730,NOEMW,,,,,2854.0
731,NNE,38.87,100.0,39.12,700.0,6075984.0
732,BIO,356.88,800.0,358.93,800.0,54053.0
733,BOF,1.55,200.0,2.71,200.0,88184.0
734,XTIA,,,,,86805.0
735,IMPP,2.81,400.0,2.87,400.0,111179.0
736,FJHL,,,,,
737,NPPTF,1.75,40000.0,1.75,40000.0,164129.0
738,TRINI,25.25,100.0,25.36,100.0,5736.0
739,TNFA,0.87,100.0,0.8934,100.0,349858.0
740,RNTX,2.1,100.0,2.47,100.0,88831.0
741,TMNA,,,,,
742,BNDS,50.44,900.0,50.53,800.0,2728.0
743,EXE,95.18,200.0,112.08,200.0,477767.0
744,HTCO,2.86,100.0,3.09,100.0,26071.0
745,BHST,,,,,1484.0
746,NUE,127.3,800.0,127.44,900.0,829876.0
747,IROHR,,,,,2703.0
748,TSLI,,1000.0,,900.0,1652.0
749,KDLYW,0.3,400.0,0.3999,400.0,60.0
750,ENTO,0.5156,100.0,0.5678,100.0,57840.0
751,BOLT,0.36,200.0,0.6396,200.0,141988.0
752,CTHR,,,,,9817.0
753,XOMAP,,,,,281.0
754,PGNN,9.0,40000.0,9.09,21500.0,963.0
755,QMID,20.4,200.0,36.26,200.0,2355.0
756,EFRTF,5.24,40000.0,5.3,40000.0,2500.0
757,NEP,10.18,1300.0,10.19,800.0,5584206.0
758,BPT,0.51,3000.0,0.518,1400.0,69817.0
759,BWB,14.17,100.0,14.33,100.0,20368.0
760,FLUX,1.68,100.0,1.8,100.0,43371.0
761,SEHCF,0.15,,0.252,,293.0
762,NYC,9.2,1100.0,10.0,800.0,2338.0
763,DHAIW,,,,,2191.0
764,SCHL,20.11,100.0,20.15,100.0,79059.0
765,LSIHF,,,,,
766,BNR,4.73,200.0,8.84,200.0,198.0
767,NOA,19.44,1000.0,19.55,800.0,46858.0
768,MCBK,24.8,40000.0,25.25,40000.0,526.0
769,ATMVR,,,,,2100.0
770,BLUE,7.74,100.0,7.79,100.0,57712.0
771,BUI,23.0,1400.0,23.09,1000.0,14702.0
772,NECB,18.28,200.0,31.68,200.0,32481.0
773,EIRL,60.51,1000.0,60.67,900.0,773.0
774,RUNN,24.24,200.0,43.82,200.0,2676.0
775,BIAF,0.75,100.0,0.78,100.0,28833.0
776,CMCSA,32.52,1800.0,32.62,1800.0,37698841.0
777,ASAN,21.3,1300.0,21.33,1200.0,3085477.0
778,QNTM,2.87,100.0,3.18,100.0,32807.0
779,ONBPO,,,,,2658.0
780,SNCAF,50.83,40000.0,51.04,40000.0,145.0
781,QCRH,78.79,100.0,79.71,100.0,12281.0
782,CARV,,,,,4051.0
783,CDIO,0.322,200.0,0.4567,100.0,547539.0
784,FGPR,10.2,40000.0,10.9,40000.0,100.0
785,FXE,96.2,3000.0,96.22,1000.0,9617.0
786,KWDAED,,,,,
787,BREA,,,,,52197.0
788,FMCCM,16.25,45900.0,17.93,40000.0,5200.0
789,SBMFF,0.3361,,0.4145,,500.0
790,PUSH,50.29,900.0,50.36,1400.0,300.0
791,FMCXF,2.63,40000.0,2.65,40000.0,7800.0
792,PROP,8.88,100.0,9.06,100.0,37721.0
793,DJTWW,15.4,200.0,27.4,200.0,83068.0
794,HRB,54.82,800.0,54.88,900.0,452480.0
795,CCZ,57.75,800.0,64.0,800.0,10.0
796,PWP,18.74,200.0,33.1,200.0,121176.0
797,FMCKO,8.95,40000.0,9.37,40000.0,1000.0
798,CNCK,7.5,100.0,8.74,100.0,32697.0
799,BETR,,,,,2898.0
800,BXC,108.59,800.0,109.93,800.0,18663.0
801,SWAG,,,,,2271.0
802,CNL,5.03,1300.0,5.2,800.0,3676.0
803,CAMP,,,,,43410.0
804,SNPMF,0.54,,0.58,,12402.0
805,BUR,14.5,800.0,14.52,800.0,477012.0
806,TAN,34.09,1000.0,34.14,1000.0,164635.0
807,SPXE,65.02,1000.0,65.12,1000.0,601.0
808,SDVKY,21.01,43500.0,21.06,40000.0,1237.0
809,EMKR,3.04,100.0,3.07,100.0,36069.0
810,FNFPA,4.8,,,,100.0
811,YHNAU,10.06,100.0,10.09,100.0,1479.0
812,VTSI,6.5,100.0,6.67,100.0,10200.0
813,CAL,18.81,800.0,18.84,1200.0,133239.0
814,CEPU,14.54,2200.0,14.67,1000.0,209807.0
815,GROW,2.41,200.0,,,11646.0
816,RCKY,25.76,100.0,26.15,100.0,5863.0
817,VAXX,0.36,,0.395,,395.0
818,BNT,61.78,1000.0,61.97,1200.0,2234.0
819,BBUS,109.23,1000.0,109.24,1200.0,44707.0
820,LPBBU,10.04,100.0,10.0,1000.0,1300.0
821,CLSKW,0.79,1200.0,0.729,2300.0,38087.0
822,CDT,2.5,200.0,2.62,100.0,314218.0
823,NAMI,3.13,200.0,3.14,200.0,21685.0
824,SMPFF,,,,,
825,FRACF,1.56,40000.0,1.57,40000.0,100.0
826,ZENA,3.34,200.0,5.83,200.0,99249.0
827,FOX,47.82,100.0,47.96,300.0,309543.0
828,ASM,1.22,4000.0,1.23,3100.0,1472649.0
829,AIFU,0.4258,100.0,0.4278,100.0,230349.0
830,SLDX,0.043,,0.074,,300.0
831,RDACU,10.11,1000.0,10.1,2600.0,8467.0
832,CCB,65.23,200.0,114.7,100.0,30335.0
833,FGL,1.59,100.0,1.64,100.0,82267.0
834,WLMIF,2.15,40000.0,2.47,40000.0,4000.0
835,ZBIO,7.32,100.0,8.97,200.0,450265.0
836,GNL,7.17,2200.0,7.18,1300.0,341074.0
837,CMCM,4.29,800.0,4.31,800.0,5074.0
838,VCIC,9.97,200.0,10.0,200.0,1.0
839,EHGO,1.11,200.0,1.12,100.0,43816.0
840,CNP,32.94,800.0,32.95,800.0,1422194.0
841,RVPH,1.84,100.0,1.88,100.0,755588.0
842,SLAM,,,,,
843,BOMEUSD,,,,,
844,TTSH,7.37,200.0,7.49,200.0,31950.0
845,IBUF,26.18,900.0,26.22,1000.0,1066.0
846,CURB,25.04,800.0,25.1,900.0,79559.0
847,AIHS,,,,,3203.0
848,ISHP,37.73,100.0,38.06,100.0,3.0
849,SSYS,9.42,100.0,9.46,100.0,436013.0
850,XBIO,,,,,3130.0
851,DKKCOP,,,,,
852,USNA,35.71,800.0,35.79,800.0,62415.0
853,EURKU,10.13,3500.0,10.24,400.0,2.0
854,FVCB,8.84,200.0,16.32,200.0,130.0
855,CLH,238.18,900.0,238.7,800.0,106983.0
856,FCCT,8.78,40000.0,9.15,40000.0,737.0
857,DWTX,12.92,800.0,13.68,400.0,708557.0
858,CCL,28.4,1200.0,28.4,1000.0,9645378.0
859,FREJO,15.85,,17.89,,250.0
860,CKX,11.53,900.0,11.95,1100.0,8537.0
861,COIN,299.36,100.0,299.73,100.0,5451684.0
862,HBNC,12.19,200.0,21.82,200.0,25248.0
863,RILA,10.45,1200.0,10.48,1200.0,11750.0
864,TLPH,,,,,26982.0
865,CHN,12.23,1100.0,12.26,800.0,18462.0
866,FRG,,,,,1883992.0
867,CGBS,0.43,100.0,0.5346,7100.0,2225978.0
868,CMF,57.01,1000.0,57.02,900.0,135768.0
869,CUBI,58.24,900.0,58.39,900.0,68620.0
870,SKM,21.57,800.0,21.59,900.0,61618.0
871,SPG,176.25,900.0,176.34,800.0,365410.0
872,FBASF,1.02,40000.0,1.12,40000.0,3000.0
873,BPOPM,,,,,1083.0
874,LPAAW,0.08,100.0,0.14,100.0,2381.0
875,CIM,14.68,900.0,14.69,900.0,284465.0
876,RTOXF,3.88,29200.0,4.6,308800.0,100.0
877,CNH,13.22,4000.0,13.23,1400.0,7633059.0
878,SPCO,0.92,,0.98,,1000.0
879,CNH,13.22,4000.0,13.23,1400.0,7633604.0
880,NTWOW,,,,,165.0
881,ASTC,,,,,6070.0
882,RVLCF,0.05,,0.2,,200.0
883,BRRR,29.8,200.0,29.82,300.0,55933.0
884,NWIFF,0.0033,,0.0066,,20645.0
885,MDCXW,2.25,200.0,,,141.0
886,BYDC,,,,,838.0
887,JETD,10.93,1000.0,10.97,1000.0,15850.0
888,CHR,,,,,5842.0
889,PQJL,24.88,1100.0,24.96,300.0,1.0
890,MRM,,,,,8195.0
891,COTY,7.44,3000.0,7.45,800.0,1580532.0
892,FSTTF,0.078,,0.09,,500.0
893,CWK,13.91,1400.0,13.92,800.0,198156.0
894,CX,6.19,3000.0,6.17,3000.0,5397638.0
895,JPIE,45.97,1300.0,45.98,800.0,147365.0
896,MKZR,3.5,45100.0,3.58,40000.0,77334.0
897,PBBK,,,,,1157.0
898,ODP,20.41,100.0,23.63,100.0,111642.0
899,PVLA,13.21,100.0,13.35,100.0,51013.0
900,FRZA,0.144,,0.27,,38062.0
901,CMP,11.86,800.0,11.9,800.0,206683.0
902,CCIRU,10.01,8500.0,10.09,400.0,3093.0
903,CTM,0.7011,1300.0,0.7048,1100.0,1778596.0
904,AMRN,0.4939,100.0,0.6514,100.0,489530.0
905,MOB,2.83,100.0,2.89,100.0,48164.0
906,CALA,,1100.0,,1000.0,10000.0
907,LITP,6.49,100.0,6.99,100.0,1534.0
908,FNX,121.22,400.0,121.89,300.0,7300.0
909,GDC,1.01,200.0,1.81,200.0,5510.0
910,LMNR,16.72,200.0,23.17,100.0,9502.0
911,CCNE,25.22,100.0,25.47,100.0,22959.0
912,TEAF,12.1,1100.0,12.12,800.0,27890.0
913,KMGLF,,,0.004,,19616.0
914,OACCU,10.15,100.0,10.2,25000.0,6.0
915,RNEW,,,,,86.0
916,DAR,36.14,1000.0,36.19,900.0,1643673.0
917,MDBH,,,,,1175.0
918,ENTA,5.05,100.0,5.09,100.0,85351.0
919,EVM,9.42,800.0,9.43,800.0,23907.0
920,TWST,51.55,200.0,51.77,100.0,226622.0
921,EDRVF,9.28,40000.0,9.54,40000.0,3116.0
922,AVBP,28.26,100.0,29.25,100.0,65232.0
923,CSQ,18.25,100.0,23.44,200.0,55881.0
924,CZR,36.24,200.0,36.41,200.0,1077848.0
925,DAO,7.72,800.0,7.8,800.0,19065.0
926,CLOUSD,,,,,
927,RCIAF,31.85,40000.0,33.04,40000.0,100.0
928,PYLD,26.16,1300.0,26.17,3000.0,1749288.0
929,CVKD,18.54,100.0,,,11258.0
930,KAPA,1.41,2200.0,1.45,1100.0,18790.0
931,KAPA,1.41,2200.0,1.45,1100.0,18790.0
932,ANSS,350.2,100.0,351.23,100.0,183246.0
933,SOAR,0.1901,1800.0,0.191,1800.0,355787.0
934,FGBI,,,,,937.0
935,ENPH,61.13,400.0,61.64,400.0,1048147.0
936,UBOH,29.0,40000.0,29.85,27000.0,1520.0
937,OUSTW,,,,,1.0
938,QIG,44.0,800.0,44.04,800.0,872.0
939,BITW,68.92,40000.0,69.0,40000.0,8628.0
940,SARK,32.71,100.0,32.77,200.0,202552.0
941,NPKYY,7.72,40000.0,8.72,40000.0,3.0
942,BITO,25.5,3100.0,25.53,2200.0,4988414.0
943,AAT,24.48,800.0,24.5,800.0,47363.0
944,ACHFF,1.28,40000.0,1.3,40000.0,6700.0
945,FTIIU,,,,,701.0
946,MCAA,,,,,8218.0
947,GAN,1.88,100.0,2.43,200.0,97553.0
948,PEXNY,10.0,28000.0,13.0,34100.0,13.0
949,OUSTZ,,,,,400.0
950,DOGG,20.36,800.0,20.42,1000.0,3154.0
951,NBTB,47.56,100.0,48.06,100.0,36591.0
952,FATAV,4.01,100.0,4.4,100.0,89872.0
953,JAPAF,24.38,40000.0,27.6,40000.0,100.0
954,AXIL,5.75,1000.0,6.0,900.0,4329.0
955,OCEANUSD,,,,,
956,AEM,93.92,800.0,93.94,800.0,1356492.0
957,SER,4.6,2200.0,4.92,900.0,1861.0
958,BCDF,28.06,1000.0,28.18,1200.0,224.0
959,MEDIF,0.0445,,0.052,,51154.0
960,TRACUSD,,,,,
961,TIAUSD,,,,,
962,SMTUSD,,,,,
963,AIEV,0.3307,100.0,0.3485,100.0,57953.0
964,FAAS,0.6969,500.0,0.8113,500.0,129495.0
965,CAH,127.66,800.0,127.9,1100.0,1830548.0
966,XTLB,,,,,408.0
967,SABK,15.6,40000.0,15.94,40000.0,700.0
968,RIME,0.024,1300.0,0.024,400.0,86605650.0
969,GILD,91.21,100.0,96.32,100.0,1445970.0
970,AEVAW,,,,,3469.0
971,NRBT,0.068,,0.0799,,2000.0
972,CIF,1.73,3000.0,1.74,4000.0,29553.0
973,BRTHY,34.5,40000.0,36.7,40000.0,6.0
974,JPSWY,17.7,40000.0,20.71,40000.0,2.0
975,GB,7.08,1100.0,7.19,800.0,13723.0
976,SELX,,,,,2627.0
977,TWI,9.12,1300.0,9.13,800.0,343292.0
978,GBRRF,0.0057,,0.0118,,10000.0
979,LQPE,19.89,800.0,19.95,,196.0
980,DFSB,51.14,900.0,51.17,1800.0,20144.0
981,GRCAF,0.0443,,0.054,,1500.0
982,MBAV,10.0,100.0,10.07,800.0,1.0
983,JPYMYR,,,,,
984,ANSC,7.57,200.0,13.49,200.0,4822.0
985,ALMS,6.63,100.0,6.87,100.0,93334.0
986,FATBV,5.65,100.0,5.25,100.0,83318.0
987,ZBAO,1.44,100.0,3.15,100.0,13255.0
988,MACAU,,,,,
989,SAG,2.39,100.0,2.65,100.0,24275.0
990,BWIN,41.36,100.0,41.45,100.0,83835.0
991,AIRJ,,,,,22452.0
992,AIRJ,,,,,22452.0
993,WATT,,,,,347265.0
994,BODI,6.85,1000.0,7.62,800.0,2623.0
995,BNGO,5.41,100.0,,,278119.0
996,REGN,680.17,100.0,684.06,100.0,345956.0
997,GEGR,0.0062,,0.0181,,10000.0
998,ZJK,8.25,100.0,7.8,100.0,46851.0
999,GDSTW,,,,,21420.0
1000,SIMAU,9.95,1800.0,10.02,100.0,170.0
1001,CLDL,15.66,1100.0,15.7,2200.0,12915.0
1002,UHG,,,4.5,100.0,41635.0
1003,TOLZ,49.98,1200.0,50.08,900.0,6325.0
1004,EOCT,26.28,3000.0,26.36,1200.0,760.0
1005,KPOP,12.98,1400.0,13.07,3100.0,84.0
1006,ESPGY,0.033,,0.035,,32060.0
1007,PSYTF,9.43,40000.0,9.49,40000.0,400.0
1008,FGCO,0.1502,,0.2,,12100.0
1009,TAXE,49.96,100.0,55.65,100.0,212.0
1010,REGCP,,,,,1233.0
1011,PBF,29.99,1800.0,30.03,900.0,562899.0
1012,GBLX,0.004,,0.005,,5000.0
1013,GET,,,,,
1014,STTDF,0.0616,,0.075,,10000.0
1015,GTI,0.3,200.0,,,733625.0
1016,CORZZ,12.38,100.0,15.74,100.0,6420.0
1017,PROF,6.25,100.0,6.56,100.0,19869.0
1018,ASPC,,,,,29006.0
1019,AIMAU,,,,,1.0
1020,NEUE,7.31,800.0,7.33,900.0,7062.0
1021,GELS,2.43,100.0,2.63,100.0,90482.0
1022,BBLG,1.06,100.0,1.15,100.0,478683.0
1023,PNFP,126.24,100.0,126.48,100.0,376487.0
1024,VCICU,9.99,300.0,10.04,200.0,7055.0
1025,BSLKW,,,,,6126.0
1026,IJUN,25.22,1000.0,25.29,2900.0,113.0
1027,LNXSF,26.98,40000.0,28.0,38500.0,48.0
1028,GHG,2.68,1000.0,2.75,800.0,10566.0
1029,PLFRF,19.23,,23.58,,1650.0
1030,SIGCY,21.76,40000.0,22.12,40000.0,100.0
1031,DEVS,0.5437,100.0,0.6067,100.0,51815.0
1032,JUNT,32.88,4000.0,32.97,1000.0,202.0
1033,GSRTU,10.0,800.0,10.02,100.0,1.0
1034,SWAG,,,,,2271.0
1035,SNAX,,,,,9653.0
1036,MNAT,29.75,40000.0,29.95,40000.0,184.0
1037,ICU,1.27,200.0,2.21,200.0,72655.0
1038,PHLT,2.35,100.0,2.43,100.0,8157.0
1039,GGDVF,0.7343,317000.0,0.8129,305200.0,14000.0
1040,SUHJF,8.57,38500.0,9.5,40000.0,100.0
1041,FUSI,50.76,900.0,50.84,800.0,101.0
1042,GGG,83.64,800.0,83.75,1000.0,276986.0
1043,MNGG,0.0001,,0.0001,,763162.0
1044,GIKLY,4.2,40000.0,4.45,40000.0,3000.0
1045,AVR,5.94,100.0,6.05,100.0,39985.0
1046,DYNXU,9.93,200.0,9.96,200.0,508.0
1047,ALAB,92.0,100.0,94.69,1700.0,2805896.0
1048,ALAB,92.0,100.0,94.69,1700.0,2806720.0
1049,GHIXU,,,,,
1050,TEI,5.43,1000.0,5.45,3000.0,90553.0
1051,XMHQ,102.25,1200.0,102.36,1000.0,145367.0
1052,TESL,23.08,900.0,23.15,1000.0,115003.0
1053,DGRW,83.87,200.0,83.89,600.0,193106.0
1054,TNA,45.78,2200.0,45.79,1200.0,7074527.0
1055,NARI,79.6,100.0,79.71,100.0,409026.0
1056,EIIA,25.0,1200.0,25.05,1200.0,2846.0
1057,GLCNF,4.35,40000.0,4.43,40000.0,4300.0
1058,FGROY,1.95,40000.0,2.34,40000.0,400.0
1059,MXNAUD,,,,,
1060,ADUR,5.86,100.0,5.97,100.0,49591.0
1061,FGB,4.39,800.0,4.4,800.0,23740.0
1062,OVBC,,,,,529.0
1063,ILF,23.21,2900.0,23.21,800.0,280547.0
1064,BNO,31.12,1200.0,31.13,1200.0,96132.0
1065,MXE,8.5,2200.0,8.56,1000.0,7349.0
1066,GBLD,16.31,1000.0,16.35,900.0,233.0
1067,MFUL,21.7,1200.0,21.72,900.0,2833.0
1068,CPSY,23.63,2200.0,23.68,1200.0,3195.0
1069,BILZ,101.11,2900.0,101.17,800.0,31252.0
1070,AVNV,57.15,1000.0,57.24,1000.0,65.0
1071,CHPT,0.9814,1100.0,0.9833,3000.0,5533821.0
1072,CHRW,101.32,100.0,109.95,200.0,1475413.0
1073,VIGI,83.38,100.0,83.51,300.0,133924.0
1074,AMZN,234.35,200.0,234.65,300.0,16986436.0
1075,FIBK,24.18,200.0,42.24,200.0,318633.0
1076,IG,20.52,1200.0,20.54,1100.0,3849.0
1077,MILN,48.13,2000.0,48.33,2000.0,2101.0
1078,BHVN,39.23,1100.0,39.34,800.0,189921.0
1079,SPMC,20.25,800.0,20.35,900.0,4855.0
1080,AMX,14.33,3000.0,14.34,1800.0,913630.0
1081,GLLI,11.01,,12.0,40000.0,300.0
1082,SPBW,25.26,1300.0,25.27,1100.0,1513.0
1083,GOGL,9.27,100.0,9.35,200.0,880810.0
1084,GLBE,43.49,200.0,77.46,200.0,396958.0
1085,FNF,58.59,800.0,58.64,800.0,149020.0
1086,GLOB,208.71,800.0,209.07,800.0,104612.0
1087,PFGTF,,,,,
1088,LOAR,79.72,1200.0,80.24,1200.0,49147.0
1089,DAPP,15.15,100.0,15.28,100.0,140206.0
1090,RNP,21.6,2200.0,21.66,900.0,54952.0
1091,HSPO,,,,,4.0
1092,JHHY,25.7,1200.0,25.76,1100.0,625.0
1093,SRV,45.6,1400.0,45.97,800.0,13618.0
1094,GITS,3.0,100.0,4.88,200.0,14225.0
1095,DTSQ,10.05,2800.0,10.06,200.0,69.0
1096,FSGS,30.82,400.0,30.91,200.0,16189.0
1097,NJR,47.77,800.0,47.8,800.0,124083.0
1098,MAGN,18.9,800.0,18.94,800.0,208332.0
1099,GREE,1.44,100.0,1.51,100.0,342119.0
1100,STFS,0.9216,200.0,1.13,100.0,920163.0
1101,MLYBY,4.73,40000.0,5.74,40000.0,141.0
1102,EONR,0.8455,1200.0,0.8561,1400.0,808124.0
1103,SPHL,2.26,100.0,2.52,100.0,241677.0
1104,GLSTU,,,,,254.0
1105,ILLRW,0.2121,1000.0,0.145,100.0,10455.0
1106,BFLBY,9.92,40000.0,10.41,40000.0,1.0
1107,RVT,16.38,800.0,16.42,3000.0,97581.0
1108,CLIK,1.2,200.0,1.59,500.0,7500.0
1109,TFX,183.42,800.0,183.72,800.0,113721.0
1110,KLTO,0.4584,100.0,0.4549,600.0,52213.0
1111,POAI,1.56,100.0,1.61,100.0,260850.0
1112,ADCT,1.63,800.0,1.64,1800.0,265317.0
1113,DRN,10.31,2200.0,10.32,2900.0,544682.0
1114,PEGA,98.75,200.0,114.69,200.0,397132.0
1115,JXG,2.77,100.0,2.97,100.0,1712.0
1116,CQP,60.46,800.0,60.69,800.0,75525.0
1117,DTSQR,,,,,53408.0
1118,PLYN,,,,,5000.0
1119,FDT,40.49,100.0,56.4,100.0,8048.0
1120,QYLG,28.44,100.0,28.54,300.0,8983.0
1121,BUFG,24.9,1000.0,24.98,1100.0,8325.0
1122,LKFN,68.43,100.0,69.12,100.0,27260.0
1123,RDTE,41.27,3000.0,41.33,1200.0,60667.0
1124,VRSK,286.29,100.0,287.29,100.0,107066.0
1125,RFLR,26.22,800.0,26.31,800.0,442.0
1126,UCIB,26.49,1000.0,28.55,1000.0,56.0
1127,GENW,10.41,900.0,10.57,900.0,4.0
1128,MMEX,0.0001,,0.0001,,9999971.0
1129,LSBPW,0.0729,100.0,0.0597,500.0,94866.0
1130,TBLL,105.53,2200.0,105.54,3200.0,65322.0
1131,FVR,17.58,800.0,17.64,1200.0,17535.0
1132,TRUUSD,,,,,
1133,TAVIU,10.01,8900.0,10.14,100.0,32611.0
1134,FPX,131.21,1200.0,131.26,1200.0,11040.0
1135,DIVI,31.73,800.0,31.75,900.0,72897.0
1136,ISEP,28.3,1000.0,28.38,900.0,207.0
1137,ATMCW,,,,,1341.0
1138,PB,80.65,900.0,80.81,800.0,146702.0
1139,SKK,0.6531,200.0,1.19,200.0,94161.0
1140,SLGGF,0.09,,0.1,,20000.0
1141,WCT,1.92,200.0,1.93,100.0,411009.0
1142,ZOM,0.1215,1000.0,0.122,1000.0,1877577.0
1143,OLLI,113.76,100.0,123.98,200.0,198410.0
1144,WST,343.25,1100.0,343.78,1100.0,84660.0
1145,MOTNF,0.1502,,0.295,,10000.0
1146,PWOD,22.16,200.0,39.53,200.0,5268.0
1147,CLDX,25.6,100.0,25.76,100.0,138286.0
1148,CPSM,26.91,1200.0,26.99,1300.0,1545.0
1149,LHX,208.12,800.0,208.32,800.0,772880.0
1150,PCSA,0.6244,100.0,0.6978,100.0,3553762.0
1151,COR,258.83,900.0,259.03,900.0,325002.0
1152,IMAY,25.76,900.0,25.79,2900.0,184.0
1153,SDST,1.1,100.0,1.12,100.0,167100.0
1154,GPATU,7.25,200.0,12.92,200.0,600.0
1155,FIVN,40.55,100.0,40.68,100.0,408489.0
1156,IMO,72.03,800.0,71.99,800.0,247812.0
1157,REGCO,,,,,3613.0
1158,SFWL,0.686,200.0,1.32,200.0,4372.0
1159,HPS,14.9,800.0,14.95,2200.0,27074.0
1160,SPIN,31.59,1100.0,31.69,1100.0,4150.0
1161,ASPCU,,,,,500.0
1162,AMMJ,0.0085,,0.0099,,1350.0
1163,GOOG,201.09,100.0,202.2,100.0,6960421.0
1164,CAPN,9.95,100.0,10.08,100.0,115.0
1165,VBFC,,,,,143.0
1166,ANF,121.12,900.0,121.41,1400.0,763830.0
1167,IDYA,23.44,100.0,23.68,100.0,488810.0
1168,EFSH,0.1993,1100.0,0.204,1300.0,539675.0
1169,DLA,,,,,
1170,SHPH,0.546,200.0,0.9607,200.0,12677.0
1171,RYLG,23.13,1100.0,23.3,1100.0,22755.0
1172,CCS,80.0,900.0,80.26,900.0,471368.0
1173,NDIV,29.28,900.0,29.34,900.0,585.0
1174,FIAT,7.59,900.0,7.61,4000.0,223203.0
1175,BYNOU,,,,,1820.0
1176,CNXA,,,,,
1177,HKDUSD,,,,,
1178,ECORF,0.0103,,0.0138,,10000.0
1179,MZDAF,6.62,40000.0,7.15,40000.0,50.0
1180,KBDC,17.08,800.0,17.12,900.0,27493.0
1181,OCX,,,,,3130.0
1182,TOTL,39.7,1000.0,39.71,800.0,171489.0
1183,CASS,41.92,100.0,42.5,100.0,10545.0
1184,EZBC,60.95,1000.0,60.95,800.0,98606.0
1185,FORTUSD,,,,,
1186,JETU,30.68,1000.0,30.81,1000.0,4.0
1187,GDRX,4.82,100.0,4.95,100.0,263637.0
1188,TRINZ,,,,,1988.0
1189,MDY,596.55,1200.0,596.64,800.0,511012.0
1190,NRO,3.4,800.0,3.41,1400.0,152219.0
1191,ARMN,3.76,1000.0,3.78,2900.0,275466.0
1192,PKST,10.8,1100.0,10.83,800.0,66925.0
1193,MLPR,65.41,1000.0,65.76,1000.0,1289.0
1194,KGJI,,800.0,,2200.0,1459.0
1195,MRGE,0.0264,,0.0415,,40250.0
1196,EURKES,,,,,
1197,EURKR,,,,,52.0
1198,HLAL,54.19,300.0,54.27,100.0,54713.0
1199,BAMA,31.2,1300.0,31.21,1300.0,708.0
1200,PAUG,39.08,1200.0,39.14,3100.0,25788.0
1201,CSR,61.2,800.0,61.47,800.0,15624.0
1202,PRENW,,,,,40935.0
1203,IZTC,14.8,100.0,12.72,100.0,22964.0
1204,WCFB,7.0,40000.0,7.2,40000.0,400.0
1205,DSHK,0.095,,0.14,321800.0,6773.0
1206,EIPX,25.92,900.0,25.94,800.0,4234.0
1207,IGSB,52.02,1500.0,52.03,200.0,784603.0
1208,REGL,83.3,800.0,83.37,1000.0,30724.0
1209,TDIV,80.65,800.0,80.78,400.0,46334.0
1210,CHPS,28.56,100.0,32.88,100.0,744.0
1211,RDFI,23.84,2200.0,23.85,2200.0,4360.0
1212,LTRN,4.83,100.0,4.99,100.0,63748.0
1213,BKT,11.59,800.0,11.62,1100.0,17070.0
1214,FHYS,23.16,1200.0,23.17,1100.0,698.0
1215,BGNCNY,,,,,
1216,INDP,0.63,200.0,1.17,200.0,19776.0
1217,FLLLF,0.0041,,0.2,,500.0
1218,FITBP,,,,,1708.0
1219,IVW,104.05,900.0,104.03,900.0,1010154.0
1220,QTUM,81.41,300.0,82.33,300.0,200414.0
1221,STOT,46.93,1300.0,46.97,800.0,6258.0
1222,PJP,86.55,900.0,86.63,2900.0,1677.0
1223,SPRE,20.36,1100.0,20.41,1000.0,43310.0
1224,ICOP,18.8,200.0,33.53,200.0,1848.0
1225,FELG,35.81,3000.0,35.82,900.0,162623.0
1226,BUFT,22.66,800.0,22.73,800.0,15589.0
1227,IMVT,22.01,100.0,22.17,100.0,733495.0
1228,MNDY,238.61,300.0,240.14,100.0,585535.0
1229,IQ,2.35,200.0,2.36,100.0,18070797.0
1230,MGRE,25.0,1100.0,25.23,1000.0,15868.0
1231,FLAX,23.04,1100.0,23.08,900.0,3041.0
1232,USHY,37.36,45900.0,37.37,38500.0,7945369.0
1233,SQEW,34.67,900.0,34.71,900.0,2351.0
1234,BOWN,,,,,2916.0
1235,COLAU,10.0,5400.0,10.04,500.0,106471.0
1236,VTMX,27.08,800.0,27.16,800.0,84252.0
1237,MGNI,17.35,200.0,17.49,500.0,590259.0
1238,FLJH,31.62,800.0,31.63,800.0,6486.0
1239,SCHZ,22.86,38500.0,22.87,42300.0,559789.0
1240,JUNS,,,,,1068964.0
1241,SPTS,28.79,1100.0,29.33,1100.0,355503.0
1242,WRB,59.31,800.0,59.33,1000.0,461191.0
1243,UTSL,34.25,1000.0,34.3,1100.0,63417.0
1244,CDAQ,,,,,
1245,FLOC,28.72,800.0,28.95,800.0,86291.0
1246,GWPD,,,,,300.0
1247,TGAA,,,,,16581.0
1248,EUSP,0.041,,0.0519,,300.0
1249,IBTH,22.26,9300.0,22.27,200.0,73083.0
1250,IVOO,110.55,1300.0,110.6,1800.0,28576.0
1251,PFM,47.58,100.0,47.62,200.0,6516.0
1252,RZG,52.15,1100.0,52.27,4000.0,167.0
1253,SMLF,71.02,800.0,71.17,800.0,30627.0
1254,SPLG,70.91,900.0,70.92,800.0,4027387.0
1255,GXMLF,,,,,
1256,NEXCF,0.035,,0.04,,17900.0
1257,INVA,18.96,100.0,19.03,100.0,69681.0
1258,IHY,20.78,1000.0,20.79,1000.0,884.0
1259,IYF,118.7,1000.0,118.73,1100.0,74738.0
1260,ROKT,58.79,800.0,58.93,800.0,1691.0
1261,BRBS,3.42,2900.0,3.43,1800.0,38757.0
1262,GOVT,22.59,42300.0,22.6,309400.0,2977534.0
1263,LOUP,58.9,800.0,59.1,1100.0,5600.0
1264,SPVU,51.59,1300.0,51.69,900.0,2442.0
1265,CGDNF,0.005,,,,1120.0
1266,TPIF,27.67,800.0,27.74,800.0,3225.0
1267,CNFRZ,,,,,1640.0
1268,TDV,78.7,1400.0,78.81,900.0,872.0
1269,LKOR,42.3,800.0,42.33,1000.0,1687.0
1270,SRLN,41.97,47300.0,41.98,45100.0,3429051.0
1271,LRGC,69.73,900.0,69.8,1200.0,1228.0
1272,USCT,,,,,24468.0
1273,SETH,15.37,1800.0,15.4,1800.0,13814.0
1274,LEG,10.87,800.0,10.87,1200.0,471448.0
1275,NEPH,,,,,19957.0
1276,REAX,5.07,100.0,5.18,100.0,323208.0
1277,ILCV,84.27,1000.0,84.31,800.0,10005.0
1278,SMIG,30.0,1800.0,30.02,3100.0,68040.0
1279,SPYX,49.5,900.0,49.54,900.0,23209.0
1280,XJH,43.74,1000.0,43.87,900.0,8153.0
1281,KORU,4.27,36100.0,4.29,28000.0,4472781.0
1282,QLTA,47.13,1200.0,47.14,1300.0,73053.0
1283,SQLV,43.79,500.0,44.23,500.0,579.0
1284,YCL,20.9,1400.0,20.91,800.0,57061.0
1285,NEO,14.85,100.0,14.96,100.0,197643.0
1286,CACG,,,,,15159.0
1287,MVBF,19.84,200.0,20.27,100.0,4772.0
1288,HANNF,0.5238,,0.555,,2000.0
1289,SQFTP,,,,,778.0
1290,YDEC,23.35,3000.0,23.42,900.0,19203.0
1291,YXI,12.8,1400.0,12.84,1100.0,6640.0
1292,CLLS,1.49,100.0,1.57,100.0,21809.0
1293,MPAA,6.71,100.0,6.87,100.0,18116.0
1294,MPLN,18.01,1100.0,18.23,800.0,104959.0
1295,UTZ,13.31,800.0,13.33,800.0,156081.0
1296,ETHT,19.67,1200.0,19.75,1000.0,451748.0
1297,CRML,,,,,17809.0
1298,RSPR,35.5,1000.0,35.56,900.0,7085.0
1299,RAPP,16.47,100.0,17.03,100.0,41850.0
1300,THTA,19.1,800.0,19.11,1100.0,34973.0
1301,JRS,8.66,1100.0,8.69,1000.0,20220.0
1302,HADV,0.0006,,0.0007,,549500.0
1303,UXI,39.7,1000.0,39.73,800.0,1550.0
1304,XRLV,54.19,800.0,54.25,800.0,347.0
1305,FMCCL,16.1,40000.0,17.24,38800.0,790.0
1306,GMDA,,,,,23036893.0
1307,CVLC,75.51,1000.0,75.58,800.0,905.0
1308,YALL,38.59,1100.0,38.63,1100.0,2186.0
1309,HAO,2.3,100.0,,,86211.0
1310,SMTH,25.57,1200.0,25.58,1800.0,31125.0
1311,BRNS,,,,,6193.0
1312,FDIF,23.89,100.0,42.86,200.0,2077.0
1313,YOLO,2.23,1100.0,2.26,3000.0,39533.0
1314,PHIN,51.42,800.0,51.52,1000.0,95815.0
1315,QDRO,,,,,
1316,CAS,25.62,1100.0,25.85,1000.0,
1317,QDEF,71.82,1100.0,71.88,1100.0,857.0
1318,LQAI,35.39,800.0,35.44,800.0,53.0
1319,PSI,59.12,800.0,59.2,3000.0,30634.0
1320,AMBC,11.65,800.0,11.66,800.0,57921.0
1321,LEA,97.41,800.0,97.55,800.0,153845.0
1322,DCOM,31.22,100.0,31.49,100.0,61459.0
1323,MSTB,34.62,2900.0,34.75,2900.0,11777.0
1324,SPHAR,,,,,1657.0
1325,ARSGBP,,,,,
1326,SLRN,2.0,100.0,2.04,100.0,444812.0
1327,INCO,61.44,1000.0,61.46,1100.0,65422.0
1328,CLPS,,,,,8107.0
1329,KRWNZD,,,,,
1330,HAS,59.26,100.0,64.24,200.0,351119.0
1331,MPRO,29.26,800.0,29.28,1000.0,19306.0
1332,SBND,18.58,1800.0,18.59,1200.0,98.0
1333,LC,14.25,800.0,14.26,800.0,1675835.0
1334,SARO,26.71,800.0,26.75,800.0,281525.0
1335,MDT,92.29,800.0,92.32,800.0,2268751.0
1336,LTM,29.83,800.0,29.91,1000.0,185069.0
1337,OMCL,32.95,200.0,57.43,200.0,63990.0
1338,BBY,87.04,800.0,87.06,800.0,975111.0
1339,BIT,14.7,1000.0,14.71,800.0,69242.0
1340,ASEA,16.18,1200.0,16.2,800.0,8643.0
1341,LOB,35.7,800.0,35.78,1200.0,65748.0
1342,NXGL,3.56,100.0,3.78,100.0,12837.0
1343,EDD,4.71,1000.0,4.72,800.0,508527.0
1344,PSFM,30.28,4000.0,30.36,4000.0,
1345,IMG,0.6613,100.0,0.676,100.0,18477.0
1346,COHN,9.6,800.0,9.96,1200.0,11152.0
1347,LOW,265.48,900.0,265.7,900.0,485921.0
1348,ORI,36.9,900.0,36.92,800.0,237074.0
1349,VIST,55.96,1000.0,56.07,800.0,360828.0
1350,PLTK,7.29,200.0,7.38,200.0,204228.0
1351,COCO,27.39,200.0,47.96,200.0,195333.0
1352,HCMA,,,,,
1353,L,86.21,800.0,86.27,800.0,127344.0
1354,SIVR,30.15,900.0,30.17,900.0,389275.0
1355,SIXA,45.99,800.0,46.04,900.0,4711.0
1356,HAPS,30.22,800.0,30.29,800.0,1.0
1357,MQY,11.84,800.0,11.85,1000.0,64364.0
1358,HTLD,11.51,100.0,11.57,100.0,401311.0
1359,PRMB,32.72,800.0,32.78,800.0,442719.0
1360,RSMV,26.04,1300.0,26.06,1100.0,1804.0
1361,OCG,,,,,34.0
1362,HLCO,,,,,2000.0
1363,PX,13.67,800.0,13.7,1400.0,135730.0
1364,RGLD,141.06,100.0,141.23,100.0,211245.0
1365,SCRYY,2.46,40000.0,2.58,36900.0,14167.0
1366,IBDP,25.14,21500.0,,28000.0,689091.0
1367,QUAD,6.9,2900.0,6.92,900.0,60087.0
1368,OTTR,77.6,100.0,78.11,100.0,47265.0
1369,PDCO,30.98,100.0,30.99,100.0,221053.0
1370,DELL,104.69,1100.0,104.76,900.0,3663928.0
1371,ASMG,15.11,500.0,15.21,500.0,70434.0
1372,BLE,10.65,900.0,10.66,800.0,48875.0
1373,CRKN,6.63,100.0,6.3,100.0,953811.0
1374,CSMUSD,,,,,
1375,SFNC,22.76,100.0,22.92,100.0,153325.0
1376,EPHE,23.72,1000.0,23.74,1300.0,30309.0
1377,RNMC,,,,,1.0
1378,POR,41.33,1100.0,41.34,900.0,516851.0
1379,ENIC,3.04,3100.0,3.05,1800.0,238651.0
1380,FMHI,48.23,100.0,48.49,100.0,29278.0
1381,STAA,23.97,200.0,24.21,100.0,211529.0
1382,CBT,87.38,800.0,87.55,800.0,136104.0
1383,CIVI,52.12,900.0,52.17,3000.0,274368.0
1384,DATS,3.13,400.0,3.2,200.0,606448.0
1385,EMP,21.56,800.0,21.65,800.0,1346.0
1386,FMN,11.04,2200.0,11.07,800.0,28930.0
1387,ZIONO,,,,,16465.0
1388,HEGIY,13.42,40000.0,14.1,40000.0,123.0
1389,PAMT,16.2,100.0,16.87,100.0,11264.0
1390,LPA,9.87,1000.0,10.01,1300.0,35905.0
1391,LUCK,10.61,800.0,10.62,800.0,151615.0
1392,PTVE,17.78,100.0,17.79,200.0,93071.0
1393,ICCH,,,,,68.0
1394,BLEU,,,,,3.0
1395,DX,13.01,3200.0,13.02,2900.0,1294720.0
1396,AL,46.68,800.0,46.74,1000.0,156102.0
1397,AMGN,284.03,100.0,284.25,100.0,1009835.0
1398,UAL,101.74,100.0,108.11,100.0,1792878.0
1399,TTNP,,,,,6051.0
1400,USVM,87.97,200.0,88.07,500.0,3811.0
1401,PBLA,0.35,900.0,0.38,1200.0,32943.0
1402,SHDWUSD,,,,,
1403,SCPL,,,,,
1404,GOVX,1.91,100.0,1.98,100.0,84522.0
1405,RM,36.75,900.0,36.9,800.0,15064.0
1406,VRN,5.23,34100.0,5.24,46000.0,10351074.0
1407,GPIPF,0.0022,,,,20000.0
1408,NWL,10.42,100.0,10.48,200.0,1515256.0
1409,MFICL,,,,,9750.0
1410,NKTR,0.7199,100.0,0.8426,100.0,315913.0
1411,GDEVW,,,,,1.0
1412,GBDC,15.59,100.0,15.68,200.0,319379.0
1413,GPEAF,3.35,313300.0,3.69,312600.0,100.0
1414,CADNZD,,,,,
1415,VHC,9.0,1800.0,9.23,1000.0,593.0
1416,MIG,21.2,1100.0,21.25,900.0,3696.0
1417,LRE,,,,,2644.0
1418,GBPAED,,,,,
1419,LOKAUSD,,,,,
1420,AUNA,8.62,1000.0,8.69,1000.0,40893.0
1421,IROH,,,,,2468.0
1422,WRNT,,,,,
1423,DJT,31.26,100.0,31.31,100.0,4271885.0
1424,STR,20.97,800.0,21.0,1000.0,85630.0
1425,MSPR,,,,,4954.0
1426,HPH,,,,,38737.0
1427,LLYVA,71.58,100.0,72.35,100.0,13705.0
1428,LENZ,24.72,100.0,25.7,100.0,31174.0
1429,ENGN,6.77,100.0,7.35,100.0,29014.0
1430,USAI,41.74,1000.0,41.8,1000.0,4596.0
1431,JSML,64.81,100.0,74.58,100.0,7525.0
1432,ARKB,104.92,1000.0,104.99,800.0,449729.0
1433,ESHA,,,,,201.0
1434,HODL,118.9,1100.0,119.02,900.0,97484.0
1435,JEPI,59.0,1300.0,59.01,800.0,1777593.0
1436,ASIA,26.47,1000.0,26.52,1000.0,2663.0
1437,WMTN,0.101,,1.0,40000.0,897.0
1438,TCBC,16.73,40000.0,17.15,40000.0,2600.0
1439,IVEG,21.34,100.0,,,69.0
1440,CZFS,,,,,3860.0
1441,ESGE,34.65,100.0,34.66,100.0,175870.0
1442,COWG,33.7,100.0,33.82,100.0,901572.0
1443,EWA,25.01,3200.0,25.01,900.0,435809.0
1444,GRF,9.73,800.0,9.94,1000.0,268.0
1445,GRHI,0.027,,0.0311,,7700.0
1446,SWKH,,,,,1761.0
1447,AGNCM,,,,,6193.0
1448,DFSD,47.15,2900.0,47.16,3000.0,103278.0
1449,EFTR,0.0251,,0.0349,,720.0
1450,DFAC,35.85,4000.0,35.86,3100.0,644572.0
1451,DFIS,25.4,1000.0,25.43,1400.0,91372.0
1452,NAYA,0.4403,200.0,0.4916,200.0,18433.0
1453,FISR,25.53,1100.0,25.56,1100.0,17026.0
1454,PGOL,0.0202,,0.022,,26000.0
1455,HDAW,12.69,900.0,,1000.0,1949.0
1456,TCEHY,53.63,40000.0,53.66,27000.0,699532.0
1457,CLNNW,,,,,9123.0
1458,DFEM,26.45,1100.0,26.46,1200.0,461257.0
1459,FAAR,28.43,300.0,28.64,100.0,6025.0
1460,GVAL,22.25,800.0,22.32,1000.0,2944.0
1461,BZ,15.16,100.0,15.24,100.0,2616241.0
1462,FITE,70.13,900.0,70.26,800.0,2578.0
1463,GRTX,0.0425,,0.0465,,500.0
1464,AMPD,19.45,3000.0,19.86,1000.0,6.0
1465,AGNCO,18.18,200.0,32.56,200.0,10483.0
1466,DFSE,33.57,800.0,33.64,800.0,10232.0
1467,FTGC,24.88,500.0,24.91,100.0,147104.0
1468,FJAN,46.35,1400.0,46.42,1000.0,178166.0
1469,DDWM,36.06,1000.0,36.11,1000.0,12742.0
1470,GRXMF,0.0014,,0.1,,100.0
1471,GPTY,47.9,1400.0,48.02,1000.0,32365.0
1472,FITGF,0.403,,0.4816,,3500.0
1473,MRNY,4.34,3200.0,4.35,3200.0,1302130.0
1474,MOOD,21.82,200.0,39.65,200.0,261.0
1475,DMXF,67.57,100.0,68.36,100.0,13147.0
1476,FDHY,48.7,800.0,48.76,1000.0,15342.0
1477,DFEB,43.3,3100.0,43.37,1200.0,2027.0
1478,DFSI,34.59,900.0,34.66,800.0,19206.0
1479,GSDC,,,,,1.0
1480,ATAK,,,,,
1481,GSP,,800.0,,800.0,316.0
1482,IBAC,10.2,400.0,10.27,300.0,721.0
1483,FAB,85.28,500.0,85.54,500.0,3407.0
1484,DFGR,26.02,1100.0,26.03,800.0,124774.0
1485,GORO,0.385,1400.0,0.387,900.0,875792.0
1486,DWAS,93.59,100.0,97.3,100.0,27266.0
1487,CLF,10.2,4000.0,10.21,1100.0,3230808.0
1488,RFEM,63.71,100.0,64.13,100.0,1184.0
1489,DHCNL,,,,,9454.0
1490,EHI,6.78,900.0,6.82,1400.0,41319.0
1491,CNRG,61.49,800.0,61.59,1000.0,11455.0
1492,FDNI,29.76,100.0,29.94,100.0,4769.0
1493,NSRPF,0.0595,,0.066,,5000.0
1494,PMGMU,,,,,
1495,NTRP,,,,,4891.0
1496,DGIN,41.66,900.0,41.75,1100.0,1944.0
1497,EMTY,12.51,800.0,12.52,1100.0,588.0
1498,GCC,19.59,800.0,19.64,900.0,28305.0
1499,UAPC,0.0008,,0.0011,,7500.0
1500,NPKI,7.17,800.0,7.19,800.0,100701.0
1501,CNDT,4.05,100.0,4.07,100.0,118614.0
1502,HTCR,0.9864,200.0,1.66,200.0,77861.0
1503,FLEX,42.1,400.0,42.37,400.0,2020334.0
1504,FTK,8.59,900.0,8.62,800.0,93533.0
1505,BBU,21.51,2200.0,21.74,800.0,16928.0
1506,DCLT,0.0011,,0.002,,5000.0
1507,HEHSF,4.8,40000.0,5.67,,100.0
1508,CLB,17.32,1000.0,17.43,800.0,316430.0
1509,BRY,4.52,100.0,4.6,100.0,198948.0
1510,MXL,14.27,100.0,19.16,100.0,4265494.0
1511,ELC,21.7,1000.0,21.77,1200.0,5286.0
1512,RBLD,69.31,800.0,69.4,1000.0,12.0
1513,TEDU,,,,,
1514,JODAED,,,,,
1515,TORVF,0.0169,,0.0252,,21000.0
1516,HERXF,22.3,40000.0,22.47,40000.0,10.0
1517,ACTG,4.41,100.0,4.46,100.0,34375.0
1518,DRRX,0.5603,200.0,1.04,200.0,71746.0
1519,HENGF,0.0071,,0.0328,,10000.0
1520,HENI,0.0091,,0.0136,,400.0
1521,NEAR,50.72,900.0,50.73,1200.0,62122.0
1522,CAPTW,,,,,138469.0
1523,SELF,,,,,15019.0
1524,JPSV,59.96,1000.0,60.02,900.0,374.0
1525,STLD,128.8,100.0,129.12,400.0,638040.0
1526,FNVTU,,,,,1.0
1527,IRME,0.45,,0.55,,6100.0
1528,BOWNR,,,,,35016.0
1529,CSTM,10.0,1800.0,10.01,800.0,236933.0
1530,FERG,180.78,1300.0,180.98,900.0,464996.0
1531,UG,,,,,13938.0
1532,BNIX,,,,,40.0
1533,HWAL,0.023,,0.028,,100.0
1534,VTR,60.02,800.0,60.05,800.0,588170.0
1535,FLO,19.59,800.0,19.6,800.0,576133.0
1536,FICO,1856.6,900.0,1865.54,800.0,34413.0
1537,PEPL,,,,,
1538,BRDCY,18.4,40000.0,18.44,40000.0,6763.0
1539,WARM,0.0016,,0.0017,,633573.0
1540,ENB,44.63,3000.0,44.64,1400.0,995021.0
1541,HFWA,25.81,100.0,25.98,100.0,63664.0
1542,FBIOP,,,,,10875.0
1543,FSFG,,,,,658.0
1544,FIAX,19.17,1200.0,19.2,1400.0,1951.0
1545,ECC,8.76,2900.0,8.77,1000.0,490389.0
1546,HIHI,0.0168,,0.028,,9989.0
1547,BOTY,0.0001,,0.0002,,10000.0
1548,HLLGY,46.8,40000.0,48.37,40000.0,101.0
1549,RHI,64.49,1000.0,64.63,800.0,2262926.0
1550,GNTA,,,,,425.0
1551,FITB,44.56,1400.0,44.67,100.0,854774.0
1552,ATLX,4.6,200.0,8.03,200.0,99507.0
1553,GROM,0.025,,0.03,,10000.0
1554,APDN,0.17,200.0,,,336513.0
1555,MUI,12.17,1200.0,12.18,1300.0,312982.0
1556,FANG,171.51,100.0,182.15,100.0,493646.0
1557,FXB,119.8,1000.0,119.82,1000.0,3373.0
1558,HNNA,,,,,2878.0
1559,HLMNY,,,,,
1560,SO,84.4,800.0,84.42,1300.0,2711368.0
1561,ES,57.63,800.0,57.64,1400.0,817029.0
1562,GANX,2.17,100.0,2.23,100.0,178271.0
1563,ATEN,19.76,800.0,19.78,800.0,187887.0
1564,ARHN,,,,,200.0
1565,ESAC,,,,,
1566,PTIN,29.22,1300.0,29.36,1000.0,2778.0
1567,FT,7.55,2200.0,7.58,2200.0,60167.0
1568,HRMY,39.06,100.0,39.29,100.0,114764.0
1569,HQH,17.95,1300.0,17.98,1000.0,72741.0
1570,BAYRY,5.73,45100.0,5.74,308800.0,25032.0
1571,RSRUSD,,,,,
1572,QVML,35.66,1200.0,35.72,1300.0,5.0
1573,TW,128.37,100.0,128.54,100.0,172035.0
1574,DMB,10.43,1800.0,10.45,1100.0,29733.0
1575,SHOO,42.0,100.0,42.15,100.0,100327.0
1576,KB,62.31,800.0,62.43,1000.0,30492.0
1577,BGFV,1.37,100.0,1.86,100.0,32946.0
1578,HYLG,24.6,1100.0,24.67,1100.0,3.0
1579,FORTY,,,,,1375.0
1580,SLM,27.28,100.0,30.24,100.0,434021.0
1581,YYGH,1.5,100.0,1.59,100.0,16740.0
1582,SEED,1.57,200.0,2.75,200.0,15303.0
1583,SCRD,,1100.0,,800.0,3.0
1584,DDDX,0.012,,0.0135,,193500.0
1585,KITL,0.0007,,0.0008,,269026.0
1586,AGTEF,0.0103,,0.03,,3000.0
1587,HGTY,9.69,1000.0,9.77,2200.0,7210.0
1588,YORW,30.96,100.0,31.23,100.0,8952.0
1589,SKX,77.98,800.0,78.05,1000.0,636708.0
1590,UFCS,25.19,100.0,25.44,100.0,22929.0
1591,CONY,13.96,3200.0,13.97,2200.0,2658001.0
1592,HOKCY,0.71,,0.74,,2098.0
1593,HPURF,0.25,312500.0,0.293,301800.0,5720.0
1594,GTN,3.61,1400.0,3.62,3200.0,523713.0
1595,HLVX,1.99,100.0,2.0,100.0,31754.0
1596,RDIV,49.86,800.0,49.88,1400.0,19556.0
1597,ARMP,2.05,1000.0,2.14,1100.0,3317.0
1598,WDLF,0.0004,,0.0004,,7050.0
1599,HMST,10.07,100.0,10.26,100.0,60177.0
1600,IFSPF,12.08,40000.0,12.14,40000.0,1835.0
1601,WSR,13.44,900.0,13.45,800.0,47439.0
1602,STKH,,,,,5144.0
1603,HMNF,,,,,
1604,RADCQ,,,,,
1605,REZ,81.92,1000.0,82.0,1000.0,17953.0
1606,AHH,9.68,800.0,9.69,900.0,187978.0
1607,CBLS,26.9,1000.0,26.96,1000.0,252.0
1608,SGAPY,24.27,40000.0,24.41,40000.0,99.0
1609,SPYD,44.25,1100.0,44.26,4000.0,510172.0
1610,FNMFN,18.6,47300.0,18.75,40000.0,1870.0
1611,RBA,90.78,900.0,90.86,1000.0,367135.0
1612,NSUPF,0.33,,0.339,,10000.0
1613,PKOH,25.14,100.0,25.95,100.0,7876.0
1614,SCVL,26.98,100.0,27.15,100.0,63733.0
1615,DKS,249.9,800.0,250.14,1100.0,148419.0
1616,CPHC,,,,,1669.0
1617,HLI,181.81,800.0,182.19,800.0,208652.0
1618,IGIC,18.34,200.0,32.4,200.0,18082.0
1619,WMB,56.13,800.0,56.15,1100.0,2870363.0
1620,VRRM,26.73,300.0,26.82,300.0,191368.0
1621,BTEC,,,,,6421.0
1622,PKTX,0.01,,0.01,,24924.0
1623,BSL,14.37,800.0,14.44,1000.0,18799.0
1624,AWK,124.06,1200.0,124.18,1100.0,798378.0
1625,AMIH,,,,,100.0
1626,BANC,16.3,900.0,16.31,1400.0,341305.0
1627,IMIMF,0.0508,,0.061,,39.0
1628,IDHQ,30.08,800.0,30.14,800.0,49741.0
1629,DJIA,22.98,800.0,23.06,1800.0,16212.0
1630,WWW,24.11,2900.0,24.14,900.0,340102.0
1631,GRSLF,0.1363,,0.146,,20500.0
1632,CBD,,,,,
1633,ZYBT,4.13,100.0,4.36,100.0,9932.0
1634,AUB,37.66,800.0,37.71,800.0,188066.0
1635,IMTO,,,,,
1636,CNAF,6.85,40000.0,6.9,40000.0,2300.0
1637,ASC,11.9,800.0,11.91,800.0,235117.0
1638,EZFL,,,,,35027.0
1639,VIRT,39.32,100.0,42.47,200.0,337040.0
1640,WM,219.66,1300.0,219.83,1000.0,1678032.0
1641,LX,8.24,100.0,8.39,100.0,2206147.0
1642,ADC,72.65,900.0,72.74,900.0,197073.0
1643,CTRE,26.29,900.0,26.31,800.0,443756.0
1644,AFCG,8.22,100.0,8.24,100.0,54929.0
1645,IAE,6.24,1100.0,6.25,900.0,24671.0
1646,INGR,136.34,800.0,136.97,1100.0,224835.0
1647,EBTC,42.98,100.0,43.34,100.0,19468.0
1648,CWBHF,0.108,,0.11,,50609.0
1649,AIRG,,,,,31128.0
1650,HLLY,3.16,800.0,3.17,1400.0,146014.0
1651,PAGP,21.75,400.0,21.91,400.0,600227.0
1652,BTAL,18.17,1100.0,18.22,800.0,97283.0
1653,HIX,4.24,2900.0,4.25,900.0,154720.0
1654,APAM,44.83,800.0,44.91,800.0,70627.0
1655,IAC,42.64,100.0,46.34,200.0,422091.0
1656,VNOM,46.46,200.0,46.67,200.0,295336.0
1657,TD,57.83,1300.0,57.84,1100.0,530916.0
1658,ALX,189.32,900.0,193.55,800.0,8601.0
1659,DFS,204.2,900.0,204.38,900.0,460067.0
1660,EQT,51.63,1100.0,51.65,1200.0,1803269.0
1661,IBOC,67.18,100.0,67.72,100.0,60044.0
1662,JPRE,47.56,1000.0,47.59,1100.0,4499.0
1663,ACN,382.36,800.0,382.76,800.0,1175028.0
1664,FTBD,48.35,1000.0,48.45,1000.0,3789.0
1665,SBDG,0.5005,,0.948,,2000.0
1666,FNWB,7.56,200.0,13.82,200.0,3154.0
1667,MEI,12.16,800.0,12.17,900.0,91232.0
1668,STNG,47.44,800.0,47.47,1100.0,404628.0
1669,VSAT,9.36,100.0,9.52,100.0,1281535.0
1670,METV,15.29,900.0,15.3,4000.0,96947.0
1671,NHYDY,5.97,38800.0,5.99,40000.0,21140.0
1672,RTX,127.68,1100.0,127.68,1000.0,1439893.0
1673,ULCC,8.36,100.0,8.48,100.0,836833.0
1674,TSLS,7.83,10500.0,7.85,1700.0,10363059.0
1675,XLU,78.01,1400.0,78.01,1800.0,4746756.0
1676,CMC,49.25,900.0,49.28,2200.0,222594.0
1677,CHMG,,,,,6611.0
1678,CNA,49.49,800.0,49.52,900.0,57642.0
1679,CMA,67.03,800.0,67.08,800.0,1183500.0
1680,ETD,31.64,800.0,31.72,1300.0,571829.0
1681,INTK,0.0001,,0.0001,,100.0
1682,WBIG,24.48,1100.0,24.52,2200.0,846.0
1683,ACT,34.01,100.0,34.16,100.0,66764.0
1684,CIB,39.74,900.0,39.78,1000.0,332925.0
1685,HII,192.56,800.0,192.77,800.0,206558.0
1686,FRBA,11.03,200.0,19.68,200.0,13800.0
1687,FFNW,15.3,200.0,21.61,100.0,3821.0
1688,FBK,53.37,1000.0,53.45,1300.0,20792.0
1689,PARAA,20.71,200.0,24.59,200.0,2092.0
1690,PSA,298.84,800.0,299.26,800.0,263317.0
1691,SYPR,1.99,100.0,2.17,100.0,41897.0
1692,SMLP,,,,,
1693,VS,1.71,200.0,2.82,200.0,54786.0
1694,SPVM,60.07,1100.0,60.12,1000.0,9319.0
1695,OWL,25.72,800.0,25.73,800.0,1260161.0
1696,CCK,88.3,800.0,88.36,1100.0,481733.0
1697,HWM,126.29,800.0,126.37,800.0,1063098.0
1698,DIN,30.67,1000.0,30.76,800.0,147395.0
1699,WSM,219.66,800.0,219.92,1000.0,478572.0
1700,JFR,8.53,1800.0,8.54,1200.0,642779.0
1701,ESGRO,,,,,6174.0
1702,XCUR,,,,,9511.0
1703,WT,9.92,900.0,9.93,1100.0,389300.0
1704,MTN,169.64,1200.0,170.2,900.0,122564.0
1705,STRDUSD,,,,,
1706,HWBK,,,,,1524.0
1707,HNVR,,,,,4880.0
1708,VNNVF,28.55,40000.0,32.0,40000.0,800.0
1709,LAAB,0.0228,,0.0325,,307.0
1710,PGEN,1.31,100.0,1.39,100.0,498058.0
1711,AONNY,24.41,40000.0,24.5,41800.0,98.0
1712,HSCHF,,,,,50000.0
1713,SHBI,11.27,200.0,20.27,200.0,37584.0
1714,JFU,,,,,506.0
1715,PSO,16.84,2900.0,16.85,3200.0,231435.0
1716,GUNR,38.5,1200.0,38.51,1100.0,207702.0
1717,FCBC,43.63,100.0,44.34,100.0,8023.0
1718,JKHY,160.39,200.0,174.52,300.0,146910.0
1719,MSCI,591.5,800.0,592.62,1100.0,160739.0
1720,LPG,25.22,1200.0,25.23,1100.0,327477.0
1721,SIDU,2.38,200.0,2.46,100.0,358964.0
1722,AMT,185.79,900.0,185.92,900.0,559890.0
1723,ABM,53.12,900.0,53.17,800.0,83453.0
1724,NBSTU,,,,,100.0
1725,ALKM,,,,,17150.0
1726,AOMR,10.17,1100.0,10.19,2900.0,10463.0
1727,PRSO,0.85,100.0,0.87,100.0,57901.0
1728,LWAY,23.25,100.0,24.01,100.0,4659.0
1729,EUDG,32.13,1000.0,32.17,1000.0,924.0
1730,NEWT,9.51,200.0,16.97,200.0,17282.0
1731,PGR,248.37,1100.0,248.58,900.0,864521.0
1732,WHLRP,,,,,8.0
1733,SEB,2440.5,800.0,2445.33,1000.0,901.0
1734,MCW,8.25,100.0,8.41,100.0,514341.0
1735,HSTXF,0.5151,,0.529,,39534.0
1736,FC,37.0,900.0,37.15,800.0,42521.0
1737,FG,46.43,800.0,46.67,800.0,11602.0
1738,MONI,0.0145,,0.0155,,302166.0
1739,MSTO,,,,,1266805.0
1740,FENC,4.65,200.0,8.28,200.0,33602.0
1741,KRNY,5.24,200.0,8.98,200.0,164934.0
1742,CCTSU,,,,,300.0
1743,AEAE,11.1,,11.44,,2.0
1744,FELE,99.86,100.0,100.18,100.0,30318.0
1745,FYC,79.84,100.0,80.35,100.0,14646.0
1746,LAUR,16.51,100.0,19.0,100.0,93438.0
1747,GPI,462.74,800.0,463.78,1100.0,60476.0
1748,MDXH,1.41,200.0,2.44,200.0,46963.0
1749,MAIN,61.29,1000.0,61.34,1000.0,183229.0
1750,HUDAR,,,,,
1751,MRAM,6.17,100.0,6.23,100.0,24982.0
1752,DFAU,41.83,1300.0,41.84,1300.0,115100.0
1753,UCC,55.73,800.0,55.75,800.0,1223.0
1754,VNRX,0.6051,1200.0,0.6175,800.0,54672.0
1755,ACAI,,,,,10.0
1756,GOGO,8.22,100.0,8.38,100.0,202771.0
1757,BKH,58.85,900.0,58.88,800.0,87089.0
1758,WTIU,12.87,3000.0,12.91,3000.0,28719.0
1759,OCCIN,,,,,378.0
1760,BPOP,104.18,200.0,104.85,200.0,215597.0
1761,FBMS,38.8,800.0,38.86,800.0,86025.0
1762,IFAN,,,,,5283.0
1763,IVAC,2.55,200.0,4.48,200.0,13450.0
1764,LYRA,,,,,258293.0
1765,NGD,3.04,38800.0,3.05,36900.0,8214382.0
1766,OI,11.74,800.0,11.76,800.0,980244.0
1767,RWGI,0.0014,,0.0039,,5847.0
1768,PXF,50.4,900.0,50.46,900.0,20961.0
1769,MDLZ,57.76,1200.0,57.88,100.0,3188507.0
1770,MSM,82.02,800.0,82.11,800.0,122042.0
1771,MTZ,145.73,800.0,146.04,900.0,424656.0
1772,VCR,393.01,800.0,393.24,800.0,16753.0
1773,OPER,100.05,2200.0,100.06,900.0,2180.0
1774,LPLA,363.28,100.0,364.06,100.0,654416.0
1775,HJEN,,2200.0,,800.0,8224.0
1776,CCO,1.38,2200.0,1.38,1200.0,222403.0
1777,MPB,30.83,100.0,39.28,200.0,21151.0
1778,KT,17.68,1000.0,17.69,800.0,125868.0
1779,PTRB,41.28,1800.0,41.3,900.0,39376.0
1780,ALPMY,9.85,40000.0,9.89,300400.0,11720.0
1781,APO,170.91,900.0,170.97,1100.0,1104971.0
1782,ARTNA,22.32,200.0,40.03,200.0,8460.0
1783,OXLC,5.08,1500.0,5.09,1500.0,1955953.0
1784,ADALW,,,,,
1785,ICE,159.62,1100.0,159.76,1000.0,724046.0
1786,SKAS,7.8,36900.0,8.58,38500.0,631.0
1787,IFNNY,32.77,40000.0,32.83,40000.0,53214.0
1788,LYB,76.04,800.0,76.06,900.0,1720611.0
1789,ERC,9.28,1000.0,9.29,1200.0,51507.0
1790,BLZUSD,,,,,
1791,ENTG,100.99,700.0,101.44,300.0,954332.0
1792,TSLX,22.16,1100.0,22.17,800.0,66477.0
1793,BNBUSD,,,,,
1794,PYPD,,,,,7311.0
1795,IFBC,0.0011,,0.0014,,233000.0
1796,FTEK,0.679,200.0,1.32,200.0,8926.0
1797,DUOT,5.58,100.0,6.02,100.0,57120.0
1798,IBKR,217.36,100.0,218.26,100.0,1341916.0
1799,REKR,1.74,100.0,1.88,100.0,5494266.0
1800,AMTB,23.26,800.0,23.33,800.0,58273.0
1801,XFINW,,,,,
1802,EVKRF,0.0169,,0.024,,70.0
1803,QQQM,214.56,800.0,214.66,100.0,1303528.0
1804,UVSP,21.93,200.0,39.65,200.0,22921.0
1805,VMC,275.66,900.0,276.14,800.0,176608.0
1806,VETIF,,,,,
1807,NBO,,,,,
1808,EDIV,35.64,800.0,35.79,1400.0,59242.0
1809,SXI,186.99,800.0,188.24,800.0,11374.0
1810,CFFI,73.52,100.0,76.61,100.0,4125.0
1811,BSJO,,,,,223351.0
1812,HD,415.95,800.0,416.09,1000.0,1006048.0
1813,HY,53.8,800.0,54.37,800.0,15339.0
1814,NTNX,63.95,100.0,70.03,100.0,506544.0
1815,BLK,1068.39,800.0,1070.32,800.0,184068.0
1816,FLS,62.97,800.0,63.02,1100.0,533313.0
1817,BEKE,18.6,1000.0,18.61,1100.0,4732911.0
1818,FSV,185.26,100.0,185.68,100.0,22900.0
1819,MMS,75.38,800.0,75.55,800.0,187597.0
1820,DHIL,148.07,100.0,151.88,100.0,851.0
1821,CF,91.74,800.0,91.82,900.0,599698.0
1822,GFF,77.51,800.0,77.65,800.0,80418.0
1823,FMAO,27.46,100.0,28.73,100.0,4608.0
1824,MYE,12.32,800.0,12.33,900.0,45496.0
1825,STXS,2.33,1200.0,2.34,1200.0,190262.0
1826,DSX,1.84,900.0,1.85,1400.0,92215.0
1827,GFOF,,1000.0,,800.0,1180.0
1828,FLRN,30.85,2900.0,,4000.0,686582.0
1829,CQTUSD,,,,,
1830,H,159.3,800.0,159.56,800.0,97200.0
1831,ELP,6.65,800.0,6.66,800.0,106855.0
1832,EWBC,95.36,200.0,112.35,200.0,288783.0
1833,INSW,38.57,800.0,38.6,800.0,340869.0
1834,JULW,35.57,3000.0,35.61,800.0,4089.0
1835,HCKT,31.01,200.0,31.37,200.0,24657.0
1836,EMFM,,1400.0,,1000.0,3.0
1837,SVII,8.13,200.0,14.52,200.0,4.0
1838,ECCX,24.62,1800.0,24.89,900.0,105.0
1839,IPVIW,,,,,
1840,HTY,,,,,
1841,GEN,28.01,200.0,28.09,100.0,1744380.0
1842,TENKU,,,,,
1843,RILYL,,,,,5799.0
1844,AUDCLP,,,,,
1845,ADUS,90.05,200.0,159.44,200.0,68171.0
1846,BRT,17.35,800.0,17.65,1400.0,2917.0
1847,SLMBP,53.5,200.0,96.64,200.0,4198.0
1848,SOCL,42.74,100.0,49.14,100.0,2270.0
1849,CRPTUSD,,,,,
1850,CKPT,2.81,100.0,2.86,100.0,326440.0
1851,QSR,62.45,800.0,62.49,900.0,331484.0
1852,RICK,40.84,200.0,57.57,200.0,14260.0
1853,PPBI,26.14,100.0,26.18,100.0,146481.0
1854,RMBS,44.15,200.0,76.91,200.0,339124.0
1855,FMCX,32.36,900.0,32.45,800.0,5.0
1856,HWKN,104.38,100.0,130.44,200.0,124787.0
1857,TPIC,1.58,100.0,1.65,100.0,223310.0
1858,COGT,9.94,100.0,9.99,100.0,871473.0
1859,BUL,48.9,800.0,48.97,800.0,2586.0
1860,CTO,19.56,800.0,19.59,800.0,42790.0
1861,TWDDKK,,,,,
1862,MPA,11.85,1800.0,11.91,800.0,8379.0
1863,TRCY,13.92,40000.0,14.2,40000.0,100.0
1864,BRLRSD,,,,,
1865,USDSEK,,,,,
1866,NDSN,220.92,100.0,222.72,100.0,63909.0
1867,III,2.29,200.0,4.03,200.0,53408.0
1868,VBNK,9.51,200.0,17.17,200.0,17457.0
1869,CG,53.24,100.0,59.52,100.0,471812.0
1870,WSRC,,,,,1000.0
1871,USDMKD,,,,,
1872,TWDAUD,,,,,
1873,USDHKD,,,,,
1874,USDSAR,,,,,
1875,USDMXN,,,,,
1876,GSJY,38.46,1000.0,38.49,1000.0,3031.0
1877,WERN,36.81,100.0,41.85,100.0,165483.0
1878,BLQC,0.0298,,0.0305,,218900.0
1879,ASRV,,,,,703.0
1880,NPO,185.72,800.0,186.29,800.0,27143.0
1881,QNGYQ,,,,,
1882,CTOS,5.25,800.0,5.26,800.0,342205.0
1883,NZDSEK,,,,,
1884,TWDCHF,,,,,
1885,SGDUSD,,,,,
1886,TWDHKD,,,,,
1887,IRWD,2.26,100.0,2.37,100.0,6536236.0
1888,JPUS,118.41,1100.0,118.49,1300.0,1073.0
1889,CR,171.57,800.0,172.24,800.0,93487.0
1890,MCS,20.64,800.0,20.68,800.0,33639.0
1891,ARGT,88.5,1200.0,88.67,900.0,572650.0
1892,AEDBHD,,,,,
1893,VGID,,,,,8959588.0
1894,CNET,,,,,4562.0
1895,ALLGBP,,,,,
1896,USDPGK,,,,,
1897,CDFGBP,,,,,
1898,CMBT,10.96,800.0,11.01,800.0,22587.0
1899,OPRX,5.65,100.0,5.74,100.0,20232.0
1900,LXU,8.59,1000.0,8.61,900.0,75523.0
1901,APYX,1.04,200.0,1.9,200.0,2645.0
1902,VRPX,0.23,200.0,0.3822,200.0,344627.0
1903,COLB,28.15,100.0,28.21,200.0,323431.0
1904,SM,39.71,1000.0,39.78,800.0,592283.0
1905,NPRGBP,,,,,
1906,AUDAED,,,,,
1907,EURKZT,,,,,
1908,GBPSOS,,,,,
1909,ETBGBP,,,,,
1910,EURDJF,,,,,
1911,TUYA,2.49,2200.0,2.5,1300.0,1358118.0
1912,JLL,283.07,800.0,283.75,800.0,85848.0
1913,GHSGBP,,,,,
1914,EURAMD,,,,,
1915,RYI,23.19,800.0,23.18,1100.0,91958.0
1916,JODUSD,,,,,
1917,GBPBZD,,,,,
1918,ITIC,222.58,100.0,235.43,100.0,4822.0
1919,NUS,7.03,800.0,7.03,800.0,91497.0
1920,PRIM,76.7,900.0,76.94,800.0,275808.0
1921,MUSA,499.06,800.0,500.26,800.0,54167.0
1922,GBPBOB,,,,,
1923,TRYPLN,,,,,
1924,CHFBWP,,,,,
1925,GBPVND,,,,,
1926,ZARGHS,,,,,
1927,CNYINR,,,,,
1928,ECML,33.34,2200.0,33.4,1100.0,108.0
1929,SDIV,21.25,2900.0,21.26,1300.0,197510.0
1930,PCB,18.82,100.0,19.24,200.0,6522.0
1931,CVS,56.45,800.0,56.47,1400.0,6010769.0
1932,ASPZ,0.0195,,0.0338,,30000.0
1933,ITEC,,,,,6.0
1934,BGNUSD,,,,,
1935,USDCOP,,,,,
1936,HKDKRW,,,,,
1937,EURLRD,,,,,
1938,HPF,16.7,1000.0,16.78,1800.0,21776.0
1939,KNO,45.48,1000.0,45.49,1000.0,1081.0
1940,AFG,138.05,800.0,138.42,800.0,68667.0
1941,RUBNOK,,,,,
1942,SON,47.92,1400.0,47.96,1000.0,197740.0
1943,THG,156.54,800.0,156.68,800.0,94509.0
1944,AOS,66.3,900.0,66.36,800.0,1055662.0
1945,ITMC,0.0018,,0.0055,,24.0
1946,IVCBU,,,,,9.0
1947,BBWI,38.22,800.0,38.24,800.0,687400.0
1948,EURAFN,,,,,
1949,INRAUD,,,,,
1950,USDVND,,,,,
1951,ITP,0.3525,800.0,0.3741,800.0,42452.0
1952,BSY,45.94,100.0,46.02,400.0,512432.0
1953,WAB,209.13,800.0,209.41,900.0,181658.0
1954,TFPM,16.23,900.0,16.27,900.0,131230.0
1955,DINT,22.42,1100.0,22.5,800.0,81890.0
1956,UXIN,3.61,100.0,5.01,100.0,19947.0
1957,SIXG,48.32,200.0,48.44,200.0,8729.0
1958,ZARGBP,,,,,
1959,IVOL,17.8,900.0,17.81,900.0,187648.0
1960,GBPSLL,,,,,
1961,MXNCOP,,,,,
1962,USDBHD,,,,,
1963,ITVI,0.0001,,0.0002,,5781830.0
1964,SHNY,49.17,900.0,49.17,1000.0,49807.0
1965,IUSV,95.89,300.0,95.96,700.0,496618.0
1966,CNRD,11.85,21500.0,11.9,40000.0,2379.0
1967,GBPMWK,,,,,
1968,NIOUSD,,,,,
1969,EURUYU,,,,,
1970,HMNTY,33.86,40000.0,34.81,40000.0,50.0
1971,MA,570.9,800.0,571.21,1400.0,3200483.0
1972,VLYPP,18.03,200.0,32.62,200.0,6724.0
1973,IVCPU,,,,,14730.0
1974,XAUCAD,,,,,
1975,GBPRWF,,,,,
1976,RUBJPY,,,,,
1977,LRDGBP,,,,,
1978,UAHDKK,,,,,
1979,FMY,12.0,1100.0,12.05,900.0,596.0
1980,BRCC,2.74,2200.0,2.75,2200.0,161168.0
1981,IVCPW,,,,,196188.0
1982,NMM,41.88,900.0,42.21,1200.0,18024.0
1983,KHRGBP,,,,,
1984,BAMGBP,,,,,
1985,CZKSEK,,,,,
1986,ZARNGN,,,,,
1987,XAGBRL,,,,,
1988,DKKUAH,,,,,
1989,XAUBRL,,,,,
1990,IIPR,72.56,800.0,72.83,800.0,339343.0
1991,FBZ,7.02,200.0,9.91,100.0,227.0
1992,BXP,73.09,1300.0,73.17,1100.0,738212.0
1993,CMRE,11.86,800.0,11.89,900.0,114585.0
1994,EDBL,0.24,800.0,0.258,2200.0,966004.0
1995,IP,57.27,800.0,57.28,1400.0,7432814.0
1996,GBPNGN,,,,,
1997,BRLSEK,,,,,
1998,BHDUSD,,,,,
1999,MBCN,,,,,2975.0
